Pick and Ban Order - LCK 2024 Spring,Phase,Blue,Red,Score,Winner,Patch,BB1,RB1,BB2,RB2,BB3,RB3,BP1,RP1-2,BP2-3,RP3,RB4,BB4,RB5,BB5,RP4,BP4-5,RP5,BR1,BR2,BR3,BR4,BR5,RR1,RR2,RR3,RR4,RR5,SB,VOD


Week 5,OKSavingsBank BRION,Kwangdong Freecs,2 - 1,1,14.3,Senna,Varus,Hwei,Poppy,Kalista,Lucian,Azir,"K'Sante, Vi","Sejuani, Aatrox",Aurelion Sol,Kai'Sa,Smolder,Zeri,Ashe,Ezreal,"Xayah, Rakan",Karma,Mid,Jungle,Top,Bot,Support,Top,Jungle,Mid,Bot,Support,SB,https://www.youtube.com/live/WIX7ZyF2-pI?si=_exsypUXuF21L7As&t=9019
Week 5,Kwangdong Freecs,OKSavingsBank BRION,1 - 1,1,14.3,Varus,Kalista,Lucian,Hwei,Sejuani,Senna,Vi,"Azir, Smolder","K'Sante, Aurelion Sol",Poppy,Ashe,Maokai,Karma,Aatrox,Nautilus,"Miss Fortune, Alistar",Xin Zhao,Jungle,Top,Mid,Bot,Support,Mid,Bot,Top,Support,Jungle,SB,https://www.youtube.com/live/WIX7ZyF2-pI?si=AHz-1YCO3B6bZzMf&t=5916
Week 5,OKSavingsBank BRION,Kwangdong Freecs,1 - 0,1,14.3,Hwei,Sejuani,Kalista,Varus,Senna,Lucian,Azir,"Smolder, Vi","Poppy, K'Sante",Nautilus,Ashe,Taliyah,Ezreal,Aatrox,Aurelion Sol,"Kai'Sa, Maokai",Garen,Mid,Jungle,Top,Bot,Support,Bot,Jungle,Support,Mid,Top,SB,https://www.youtube.com/live/WIX7ZyF2-pI?si=WY71Nis7H0NCeRR4&t=2952
Week 5,Dplus KIA,DRX,2 - 1,1,14.3,Sejuani,Rell,Ashe,Azir,Kalista,Varus,Senna,"Nautilus, Orianna","Karma, Lee Sin",Smolder,Aatrox,Nocturne,Maokai,Poppy,Xin Zhao,"Tahm Kench, K'Sante",Malphite,Bot,Mid,Jungle,Support,Top,Support,Mid,Bot,Jungle,Top,SB,https://www.youtube.com/live/pYH5V8T-7BA?si=EIeivTWHkxTaY_Wj&t=21057
Week 5,DRX,Dplus KIA,1 - 1,1,14.3,Vi,Senna,Rell,Sejuani,Kalista,Orianna,Azir,"Lucian, Maokai","Varus, Nautilus",Nami,Udyr,Aatrox,Lee Sin,Poppy,Hwei,"K'Sante, Nocturne",Gnar,Mid,Bot,Support,Top,Jungle,Bot,Jungle,Support,Mid,Top,SB,https://www.youtube.com/live/pYH5V8T-7BA?si=Uw4CqLVfJt1BQMWM&t=9040
Week 5,DRX,Dplus KIA,0 - 1,2,14.3,Vi,Senna,Rell,Ashe,Kalista,Lucian,Sejuani,"Azir, Aatrox","Yone, Gwen",Maokai,Smolder,Varus,Nautilus,Zeri,Rakan,"Jinx, Tahm Kench",Kai'Sa,Jungle,Mid,Top,Bot,Support,Mid,Top,Jungle,Support,Bot,SB,https://www.youtube.com/live/pYH5V8T-7BA?si=0ZgGSJ6Jg2ed39H9&t=1740
Week 5,Gen.G,FearX,2 - 0,1,14.3,Kalista,Senna,Ashe,Lucian,Rakan,Smolder,Azir,"Nautilus, Varus","Zeri, Alistar",K'Sante,Twisted Fate,Sejuani,Poppy,Tristana,Nocturne,"Lee Sin, Udyr",Taliyah,Mid,Bot,Support,Jungle,Top,Support,Bot,Top,Jungle,Mid,SB,https://www.youtube.com/live/1j5reTNDnTc?si=rwQmTtzFyIN3SPHZ&t=15345
Week 5,Gen.G,FearX,1 - 0,1,14.3,Kalista,Senna,Ashe,Twisted Fate,Rakan,Lucian,Smolder,"Nautilus, Azir","Alistar, K'Sante",Zeri,Taliyah,Udyr,Akali,Vi,Nocturne,"Aurelion Sol, Lee Sin",Poppy,Bot,Support,Top,Mid,Jungle,Support,Mid,Bot,Jungle,Top,SB,https://www.youtube.com/live/1j5reTNDnTc?si=dTbsIkOXO617hDhe&t=11971
Week 5,KT Rolster,T1,0 - 2,2,14.3,Aatrox,Senna,Ashe,Taliyah,Kalista,Udyr,Varus,"Orianna, K'Sante","Azir, Gnar",Vi,Lee Sin,Zeri,Viego,Lucian,Smolder,"Wukong, Nautilus",Alistar,Bot,Mid,Top,Jungle,Support,Mid,Top,Jungle,Bot,Support,SB,https://www.youtube.com/live/1j5reTNDnTc?si=DphjfR4GZp58qzIe&t=5926
Week 5,T1,KT Rolster,1 - 0,1,14.3,Taliyah,Orianna,Viego,Ashe,Azir,Hwei,Senna,"Karma, Kalista","Nautilus, Aatrox",Renata Glasc,Rell,K'Sante,Twisted Fate,Lee Sin,Udyr,"Corki, Poppy",Xin Zhao,Bot,Support,Top,Mid,Jungle,Mid,Bot,Support,Top,Jungle,SB,https://www.youtube.com/live/1j5reTNDnTc?si=OgGYVWEjwDEa_2ZS&t=2724
Week 5,Nongshim RedForce,Hanwha Life Esports,0 - 2,2,14.3,Yone,Senna,Maokai,Poppy,Varus,Lucian,Smolder,"Vi, Orianna","Azir, Rell",Kai'Sa,Udyr,Rumble,Alistar,Nautilus,Rakan,"Viego, K'Sante",Gwen,Bot,Mid,Support,Jungle,Top,Jungle,Mid,Bot,Support,Top,SB,https://www.youtube.com/live/fQ8KzZ5Swts?si=az8YE2o0YNOHHg2x&t=17987
Week 5,Hanwha Life Esports,Nongshim RedForce,1 - 0,1,14.3,Poppy,Yone,Orianna,Senna,Lucian,Akali,Smolder,"Vi, Kalista","Maokai, Tristana",Taliyah,Rumble,Ashe,Gnar,Renata Glasc,Udyr,"Alistar, Gwen",Rell,Bot,Jungle,Mid,Support,Top,Jungle,Bot,Mid,Top,Support,SB,https://www.youtube.com/live/fQ8KzZ5Swts?si=AQP83Ci0RTA_-4Cb&t=15208
Week 5,OKSavingsBank BRION,Kwangdong Freecs,2 - 1,1,14.3,Hwei,Ashe,Kalista,Azir,Senna,Varus,Orianna,"Karma, K'Sante","Smolder, Nautilus",Ezreal,Poppy,Lee Sin,Viego,Vi,Taliyah,"Sejuani, Aatrox",Maokai,Mid,Bot,Support,Jungle,Top,Support,Top,Bot,Mid,Jungle,SB,https://www.youtube.com/live/fQ8KzZ5Swts?si=cNWnrjNNUTcS844i&t=8300
Week 5,Kwangdong Freecs,OKSavingsBank BRION,1 - 1,1,14.3,Ashe,Kalista,Varus,Hwei,Azir,Orianna,Senna,"Nautilus, K'Sante","Seraphine, Karma",Smolder,Aatrox,Taliyah,Viego,Tristana,Xin Zhao,"Poppy, Lee Sin",Ryze,Support,Bot,Mid,Top,Jungle,Support,Top,Bot,Jungle,Mid,SB,https://www.youtube.com/live/fQ8KzZ5Swts?si=VrlucdjfCHQqeiaY&t=5079
Week 5,Kwangdong Freecs,OKSavingsBank BRION,0 - 1,2,14.3,Ashe,Kalista,Varus,Hwei,Smolder,Senna,Karma,"K'Sante, Sejuani","Aatrox, Lee Sin",Azir,Ezreal,Lucian,Draven,Rakan,Zeri,"Aphelios, Milio",Nautilus,Mid,Top,Jungle,Bot,Support,Top,Jungle,Mid,Bot,Support,SB,https://www.youtube.com/live/fQ8KzZ5Swts?si=mhhccYk8GHZkzOLI&t=1788
Week 5,DRX,Gen.G,0 - 2,2,14.3,Maokai,Senna,Lucian,Smolder,Kalista,Sejuani,Varus,"Nautilus, Azir","Rakan, Vi",Zeri,Taliyah,Poppy,Hwei,Twisted Fate,Lee Sin,"Akali, K'Sante",Udyr,Bot,Support,Jungle,Mid,Top,Support,Mid,Bot,Jungle,Top,SB,https://www.youtube.com/live/8SEn1CAYYSg?si=vIErc1MXdCZqpUh9&t=13722
Week 5,Gen.G,DRX,1 - 0,1,14.3,Sejuani,Maokai,Smolder,Kalista,Poppy,Varus,Senna,"Karma, Lee Sin","Nautilus, Azir",Pyke,Viego,Sivir,Rell,Ezreal,K'Sante,"Twisted Fate, Vi",Ziggs,Bot,Support,Mid,Top,Jungle,Mid,Jungle,Support,Top,Bot,SB,https://www.youtube.com/live/8SEn1CAYYSg?si=9W-8aDMWpiLCxCjZ&t=10809
Week 5,FearX,Dplus KIA,0 - 2,2,14.3,Vi,Senna,Poppy,Yone,Lucian,Ashe,Kalista,"Varus, Rell","Lee Sin, Orianna",Azir,Rumble,Gnar,Jax,Renata Glasc,Twisted Fate,"Aatrox, Alistar",Rakan,Bot,Jungle,Mid,Top,Support,Bot,Jungle,Mid,Top,Support,SB,https://www.youtube.com/live/8SEn1CAYYSg?si=0gNxCD4DXfIapoZx&t=5154
Week 5,Dplus KIA,FearX,1 - 0,1,14.3,Jax,Vi,Ashe,Twisted Fate,Kalista,Rell,Senna,"Varus, Sejuani","Lee Sin, Nautilus",Yone,LeBlanc,Rumble,Orianna,Renata Glasc,Maokai,"Gnar, Azir",Camille,Bot,Jungle,Support,Top,Mid,Bot,Jungle,Mid,Support,Top,SB,https://www.youtube.com/live/8SEn1CAYYSg?si=sLsAHSwh5BA3o_dg&t=1778
Week 5,Hanwha Life Esports,KT Rolster,2 - 0,1,14.3,Orianna,Lucian,Kalista,Senna,Smolder,Varus,Maokai,"Ashe, Sejuani","Yone, Jhin",K'Sante,Rumble,Azir,Gnar,Alistar,Taliyah,"Rakan, Udyr",Sivir,Jungle,Mid,Bot,Support,Top,Support,Jungle,Top,Mid,Bot,SB,https://www.youtube.com/live/srcPwOKtH5E?si=krfwUATSwCsteKdT&t=19547
Week 5,Hanwha Life Esports,KT Rolster,1 - 0,1,14.3,Orianna,Lucian,Kalista,Senna,Ashe,Maokai,Varus,"Smolder, Taliyah","Sejuani, Yone",Vi,Rumble,K'Sante,Renata Glasc,Udyr,Alistar,"Rakan, Gnar",Aatrox,Bot,Jungle,Mid,Support,Top,Bot,Mid,Jungle,Support,Top,SB,https://www.youtube.com/live/srcPwOKtH5E?si=CUeLaNaqK9ZZ7KuS&t=14939
Week 5,T1,Nongshim RedForce,2 - 1,1,14.3,Twisted Fate,Ashe,Smolder,Aatrox,Zeri,Orianna,Senna,"Nautilus, Taliyah","Tahm Kench, Hwei",Varus,Gnar,Udyr,Rumble,Viego,Vi,"K'Sante, Nocturne",Poppy,Bot,Support,Mid,Top,Jungle,Support,Mid,Bot,Jungle,Top,SB,https://www.youtube.com/live/srcPwOKtH5E?si=H_89DPqrIFISYCxr&t=9232
Week 5,Nongshim RedForce,T1,1 - 1,1,14.3,Aatrox,Senna,Orianna,Lucian,Ashe,Nautilus,Smolder,"Twisted Fate, Milio","Vi, Taliyah",Rell,K'Sante,Gnar,Yuumi,Camille,Karma,"Udyr, Rakan",Yone,Bot,Jungle,Mid,Top,Support,Bot,Support,Jungle,Mid,Top,SB,https://www.youtube.com/live/srcPwOKtH5E?si=4Baqy1xdjvTlaqjS&t=5388
Week 5,T1,Nongshim RedForce,1 - 0,1,14.3,K'Sante,Ashe,Twisted Fate,Aatrox,Smolder,Orianna,Senna,"Nautilus, Zeri","Hwei, Lee Sin",Taliyah,Rumble,Viego,Tahm Kench,Vi,Sejuani,"Gnar, Ornn",Jax,Bot,Mid,Jungle,Top,Support,Support,Bot,Mid,Jungle,Top,SB,https://www.youtube.com/live/srcPwOKtH5E?si=nMHHSQqg6K6QnUwL&t=2365
Week 4,OKSavingsBank BRION,Nongshim RedForce,0 - 2,2,14.2,Hwei,Senna,Kalista,Varus,Lucian,Ashe,Azir,"Taliyah, Sejuani","Poppy, Aatrox",Jax,Ezreal,Rakan,Jinx,Aphelios,Rell,"Nautilus, Xayah",Twisted Fate,Mid,Jungle,Top,Support,Bot,Mid,Jungle,Top,Support,Bot,SB,https://www.youtube.com/live/y1MfLPsHtPI?si=eLiDQV-jdltwNjtJ&t=13982
Week 4,Nongshim RedForce,OKSavingsBank BRION,1 - 0,1,14.2,Senna,Rakan,Varus,Lucian,Azir,Orianna,Kalista,"Ashe, Poppy","Hwei, Nautilus",Caitlyn,Sejuani,Karma,Rell,Twisted Fate,Tristana,"K'Sante, Viego",Gragas,Bot,Mid,Support,Top,Jungle,Support,Top,Bot,Mid,Jungle,SB,https://www.youtube.com/live/y1MfLPsHtPI?si=K8-QvTR3PUoqXqiA&t=10820
Week 4,FearX,T1,0 - 2,2,14.2,Poppy,Senna,Ashe,Nautilus,Caitlyn,Lucian,Kalista,"Orianna, Varus","Azir, K'Sante",Aatrox,Jarvan IV,Renata Glasc,Rakan,Rell,Neeko,"Lee Sin, Alistar",Nocturne,Bot,Mid,Top,Jungle,Support,Mid,Bot,Top,Support,Jungle,SB,https://www.youtube.com/live/y1MfLPsHtPI?si=Sh5o7a_QY6UjYO-u&t=4833
Week 4,FearX,T1,0 - 1,2,14.2,Poppy,Senna,Ashe,Nautilus,Caitlyn,Lucian,Kalista,"Orianna, Varus","Renata Glasc, Karma",Aatrox,Jarvan IV,Hwei,Viego,Zyra,Rell,"K'Sante, Lee Sin",Ezreal,Bot,Support,Mid,Top,Jungle,Mid,Bot,Top,Jungle,Support,SB,https://www.youtube.com/live/y1MfLPsHtPI?si=TI6x1yzmbXafonTH&t=1771
Week 4,DRX,Dplus KIA,0 - 2,2,14.2,Kalista,Lucian,Rakan,Senna,Varus,Sejuani,Ashe,"Rell, Aatrox","Poppy, Ezreal",Karma,Azir,Nautilus,Orianna,Pyke,Caitlyn,"Twisted Fate, Camille",Bard,Support,Jungle,Bot,Mid,Top,Jungle,Top,Mid,Bot,Support,SB,https://www.youtube.com/live/3W3Dcj7lJ5U?si=FQRfevLdXKDXQBMr&t=14897
Week 4,Dplus KIA,DRX,1 - 0,1,14.2,Sejuani,Senna,Ashe,Rakan,Milio,Kalista,Lucian,"Varus, K'Sante","Nami, Rell",Poppy,Gwen,Nautilus,Twisted Fate,Orianna,Caitlyn,"Aatrox, Karma",Taliyah,Bot,Support,Jungle,Top,Mid,Support,Top,Jungle,Bot,Mid,SB,https://www.youtube.com/live/3W3Dcj7lJ5U?si=uHzCzcS2ZL2wT8F4&t=11932
Week 4,Hanwha Life Esports,Gen.G,0 - 2,2,14.2,Corki,Senna,Varus,Maokai,K'Sante,Kalista,Lucian,"Aphelios, Rell","Nami, Azir",Milio,Vi,Tristana,Jarvan IV,Taliyah,Hwei,"Sejuani, Aatrox",Jax,Bot,Support,Mid,Jungle,Top,Bot,Jungle,Support,Mid,Top,SB,https://www.youtube.com/live/3W3Dcj7lJ5U?si=QZiQWw404mhGL0JZ&t=5156
Week 4,Gen.G,Hanwha Life Esports,1 - 0,1,14.2,Maokai,K'Sante,Vi,Tristana,Ashe,Kalista,Senna,"Lucian, Nautilus","Tahm Kench, Azir",Nami,Udyr,Akali,Sejuani,Yone,Aatrox,"Rumble, Lee Sin",Taliyah,Bot,Support,Mid,Top,Jungle,Bot,Jungle,Support,Top,Mid,SB,https://www.youtube.com/live/3W3Dcj7lJ5U?si=QEeKyZVZT8OhJT70&t=2384
Week 4,Kwangdong Freecs,FearX,2 - 1,1,14.2,Sejuani,Karma,Varus,Senna,Ashe,Kalista,Lucian,"Milio, Azir","Nami, K'Sante",Aphelios,Corki,Maokai,Orianna,Udyr,Poppy,"Hwei, Lee Sin",Gnar,Bot,Support,Top,Mid,Jungle,Support,Mid,Bot,Jungle,Top,SB,https://www.youtube.com/live/s6Hxsxfbkak?si=vruFGowYQAVdOeWA&t=16925
Week 4,FearX,Kwangdong Freecs,1 - 1,1,14.2,Poppy,Varus,Karma,Lucian,Kalista,Senna,Ashe,"Ezreal, Sejuani","Jhin, Maokai",Hwei,Yone,Aatrox,Yasuo,Nautilus,Pyke,"K'Sante, Azir",Garen,Support,Bot,Jungle,Top,Mid,Bot,Jungle,Mid,Support,Top,SB,https://www.youtube.com/live/s6Hxsxfbkak?si=lLo-s6Ko2ayVjhGS&t=13909
Week 4,Kwangdong Freecs,FearX,1 - 0,1,14.2,Sejuani,Poppy,Varus,Karma,Ashe,Senna,Kalista,"Lucian, Milio","K'Sante, Renata Glasc",Udyr,Vi,Yasuo,Hwei,Akali,Orianna,"Azir, Lee Sin",Xin Zhao,Bot,Top,Support,Mid,Jungle,Bot,Support,Top,Mid,Jungle,SB,https://www.youtube.com/live/s6Hxsxfbkak?si=oaraB0f-wrREWj64&t=10744
Week 4,Nongshim RedForce,KT Rolster,0 - 2,2,14.2,Vi,Sejuani,Senna,Rakan,Varus,Kalista,Lucian,"Orianna, Ashe","Milio, Azir",Caitlyn,Gnar,Rell,Udyr,Maokai,K'Sante,"Aatrox, Viego",Rammus,Bot,Support,Mid,Top,Jungle,Mid,Support,Bot,Top,Jungle,SB,https://www.youtube.com/live/s6Hxsxfbkak?si=aWdnbUUTDSa_MLU4&t=4588
Week 4,Nongshim RedForce,KT Rolster,0 - 1,2,14.2,Vi,Orianna,Senna,Lucian,Varus,Kalista,Sejuani,"Azir, Maokai","Taliyah, Aatrox",K'Sante,Rakan,Caitlyn,Nautilus,Ezreal,Ashe,"Aphelios, Milio",Zyra,Jungle,Mid,Top,Bot,Support,Mid,Jungle,Top,Bot,Support,SB,https://www.youtube.com/live/s6Hxsxfbkak?si=9YOt5n4K74Ga1DGh&t=1626
Week 4,OKSavingsBank BRION,Hanwha Life Esports,0 - 2,2,14.2,Corki,Poppy,Kalista,Karma,Vi,Azir,Orianna,"Senna, Sejuani","Varus, Nautilus",Tahm Kench,Viego,Yone,Lee Sin,Tristana,Akali,"Rell, Aatrox",Camille,Mid,Bot,Support,Jungle,Top,Bot,Jungle,Support,Mid,Top,SB,https://www.youtube.com/live/5UAVdeIt7Io?si=PF1sjNuimcWDKe6q&t=13736
Week 4,Hanwha Life Esports,OKSavingsBank BRION,1 - 0,1,14.2,Varus,Corki,Poppy,Kalista,Karma,Vi,Senna,"K'Sante, Lucian","Nautilus, Orianna",Milio,Udyr,Tristana,Gnar,Azir,Lee Sin,"Sejuani, Aatrox",Akali,Bot,Support,Mid,Jungle,Top,Top,Bot,Support,Jungle,Mid,SB,https://www.youtube.com/live/5UAVdeIt7Io?si=ZLqYPbsa03EVeYfx&t=10925
Week 4,Dplus KIA,T1,0 - 2,2,14.2,Ashe,Lucian,Neeko,Senna,Hwei,Kalista,Karma,"Varus, Rell","Xayah, Rakan",Orianna,Lee Sin,Nautilus,Viego,Gnar,Aatrox,"Vi, K'Sante",Tahm Kench,Mid,Bot,Support,Jungle,Top,Bot,Jungle,Mid,Top,Support,SB,https://www.youtube.com/live/5UAVdeIt7Io?si=X2fFX2muo5R9moIo&t=4547
Week 4,T1,Dplus KIA,1 - 0,1,14.2,Tristana,Orianna,Senna,Lucian,Karma,Neeko,Ashe,"Varus, Sejuani","Kalista, K'Sante",Pyke,Rell,Taliyah,Corki,Twisted Fate,Gnar,"Poppy, Azir",Akali,Support,Bot,Top,Jungle,Mid,Bot,Jungle,Support,Top,Mid,SB,https://www.youtube.com/live/5UAVdeIt7Io?si=z0kf6V6cxyVCebZF&t=1633
Week 4,DRX,Kwangdong Freecs,0 - 2,2,14.2,Kalista,Sejuani,Varus,Orianna,Hwei,Jarvan IV,Karma,"Senna, Azir","Lucian, Milio",Nautilus,Rell,Vi,Corki,Viego,Lee Sin,"Maokai, Yone",K'Sante,Top,Bot,Support,Jungle,Mid,Bot,Mid,Support,Jungle,Top,SB,https://www.youtube.com/live/rtvoSJcaxqk?si=68Jffx0-Xus4lXg3&t=15155
Week 4,DRX,Kwangdong Freecs,0 - 1,2,14.2,Kalista,Sejuani,Vi,Orianna,Varus,Udyr,Karma,"Senna, Hwei","Lucian, Milio",Nautilus,Jarvan IV,K'Sante,Xin Zhao,Viego,Lee Sin,"Poppy, Corki",Aatrox,Top,Bot,Support,Jungle,Mid,Bot,Mid,Support,Jungle,Top,SB,https://www.youtube.com/live/rtvoSJcaxqk?si=Wkj-oH1NydZ7fEw6&t=11656
Week 4,Gen.G,KT Rolster,0 - 2,2,14.2,Orianna,Kalista,Vi,Corki,Taliyah,Maokai,Karma,"Senna, Nautilus","Lucian, Milio",K'Sante,Udyr,Tristana,Sejuani,Poppy,Azir,"Jarvan IV, Gwen",Viego,Mid,Bot,Support,Jungle,Top,Bot,Support,Top,Mid,Jungle,SB,https://www.youtube.com/live/rtvoSJcaxqk?si=L1Lmcv8MFmRWRtWr&t=5771
Week 4,KT Rolster,Gen.G,1 - 0,1,14.2,Maokai,Orianna,Corki,Karma,Varus,Kalista,Senna,"Lucian, Milio","Nautilus, K'Sante",Udyr,Vi,Tristana,Viego,Yone,Azir,"Taliyah, Lee Sin",Xin Zhao,Bot,Support,Top,Mid,Jungle,Bot,Support,Top,Mid,Jungle,SB,https://www.youtube.com/live/rtvoSJcaxqk?si=IwLecstQgpIS3TPM&t=2596
Week 3,Gen.G,FearX,2 - 0,1,14.1B,Orianna,Maokai,Rumble,Lucian,Varus,Senna,Kalista,"Rakan, Xayah","Renata Glasc, Azir",Udyr,Poppy,Akali,Sejuani,Yasuo,Yone,"Rell, Darius",Brand,Bot,Support,Mid,Jungle,Top,Support,Bot,Top,Mid,Jungle,SB,https://www.youtube.com/live/yejuHcIK9Cc?si=T8CCcP7zCh0BMZZB&t=16627
Week 3,FearX,Gen.G,0 - 1,2,14.1B,Maokai,Orianna,Sejuani,Rakan,Varus,K'Sante,Senna,"Nautilus, Kalista","Tahm Kench, Rumble",Corki,Yasuo,Aatrox,Irelia,Poppy,Rell,"Wukong, Sylas",Jayce,Bot,Support,Top,Jungle,Mid,Support,Bot,Mid,Jungle,Top,SB,https://www.youtube.com/live/yejuHcIK9Cc?si=dyhCgAFT4UVVT7Zx&t=13425
Week 3,Hanwha Life Esports,Nongshim RedForce,2 - 1,1,14.1B,K'Sante,Maokai,Senna,Vi,Orianna,Lucian,Sejuani,"Varus, Azir","Corki, Kalista",Poppy,Renata Glasc,Ashe,Nautilus,Udyr,Rakan,"Aatrox, Rell",Yone,Jungle,Mid,Bot,Top,Support,Bot,Mid,Jungle,Support,Top,SB,https://www.youtube.com/live/yejuHcIK9Cc?si=eLdGlfp_rJfIz-p1&t=8069
Week 3,Nongshim RedForce,Hanwha Life Esports,1 - 1,1,14.1B,Maokai,K'Sante,Vi,Senna,Sejuani,Azir,Lucian,"Milio, Rell","Nami, Orianna",Aphelios,Trundle,Akali,Nocturne,Yone,Rumble,"Udyr, Poppy",Tristana,Bot,Support,Mid,Top,Jungle,Support,Jungle,Bot,Top,Mid,SB,https://www.youtube.com/live/yejuHcIK9Cc?si=Rb1SvnzLkPMYTJbg&t=4670
Week 3,Nongshim RedForce,Hanwha Life Esports,0 - 1,2,14.1B,Maokai,K'Sante,Vi,Senna,Rumble,Azir,Lucian,"Milio, Sejuani","Nami, Corki",Aphelios,Trundle,Orianna,Poppy,Yone,Tristana,"Jax, Rell",Udyr,Bot,Support,Mid,Top,Jungle,Support,Jungle,Bot,Mid,Top,SB,https://www.youtube.com/live/yejuHcIK9Cc?si=GpMR0qfuU_rCoFOT&t=1780
Week 3,OKSavingsBank BRION,T1,0 - 2,2,14.1B,Corki,Maokai,Lucian,Nautilus,Kalista,Orianna,Varus,"Senna, Taliyah","Tristana, Rell",Vi,Aatrox,Ornn,Sejuani,Nilah,Sion,"K'Sante, Gragas",Zac,Bot,Mid,Support,Top,Jungle,Bot,Mid,Jungle,Support,Top,SB,https://www.youtube.com/live/VG9gSeFgbs8?si=dJ79539RumK1vJLw&t=18292
Week 3,T1,OKSavingsBank BRION,1 - 0,1,14.1B,Maokai,Corki,Nautilus,Lucian,Lee Sin,Kalista,Orianna,"Senna, Azir","Caitlyn, Lux",Ornn,Rell,Vi,Nocturne,Viego,Jarvan IV,"K'Sante, Poppy",Aatrox,Mid,Bot,Support,Top,Jungle,Bot,Mid,Support,Jungle,Top,SB,https://www.youtube.com/live/VG9gSeFgbs8?si=DwHqrgz-8NPmkm2G&t=15617
Week 3,DRX,KT Rolster,1 - 2,2,14.1B,Vi,Lucian,Kalista,Sejuani,Rumble,Rakan,Senna,"Varus, Orianna","Tahm Kench, Azir",Milio,Rell,Maokai,Aatrox,Lee Sin,Udyr,"Gnar, Xin Zhao",Viego,Bot,Support,Mid,Top,Jungle,Bot,Mid,Support,Top,Jungle,SB,https://www.youtube.com/live/VG9gSeFgbs8?si=gTes9cLMpl65N6N_&t=9091
Week 3,KT Rolster,DRX,1 - 1,1,14.1B,Lucian,Senna,Sejuani,Varus,Vi,Kalista,Orianna,"Xayah, Rakan","Lee Sin, Rumble",Azir,Caitlyn,K'Sante,Ezreal,Rell,Aatrox,"Jinx, Tahm Kench",Jarvan IV,Mid,Jungle,Top,Bot,Support,Bot,Support,Mid,Top,Jungle,SB,https://www.youtube.com/live/VG9gSeFgbs8?si=WNnB47VJ2u7NGNt3&t=6236
Week 3,DRX,KT Rolster,1 - 0,1,14.1B,Vi,Lucian,Kalista,Varus,Taliyah,Jax,Senna,"Rumble, Nautilus","Tahm Kench, Sejuani",Draven,K'Sante,Orianna,Akali,Viego,Corki,"Aatrox, Yone",Poppy,Bot,Support,Jungle,Top,Mid,Top,Support,Bot,Mid,Jungle,SB,https://www.youtube.com/live/VG9gSeFgbs8?si=I8WUXwyTJWqGdiMw&t=2708
Week 3,Dplus KIA,Hanwha Life Esports,0 - 2,2,14.1B,Senna,Rumble,Poppy,Rell,Milio,Lucian,Vi,"Corki, Kalista","Varus, Ashe",Maokai,Sylas,Pyke,LeBlanc,Nautilus,Renata Glasc,"Orianna, Gnar",Jax,Jungle,Bot,Support,Mid,Top,Mid,Bot,Jungle,Support,Top,SB,https://www.youtube.com/live/gkn7RJCQHxA?si=vRDpUzMFaJo2jJAh&t=13816
Week 3,Dplus KIA,Hanwha Life Esports,0 - 1,2,14.1B,Poppy,Rumble,Kalista,Rell,Milio,Corki,Senna,"Vi, Lucian","Nautilus, Aatrox",Nami,Maokai,Udyr,Sejuani,Azir,Gwen,"Viego, LeBlanc",Akali,Bot,Support,Top,Jungle,Mid,Jungle,Bot,Support,Top,Mid,SB,https://www.youtube.com/live/gkn7RJCQHxA?si=unvePiXK6Os6PV2y&t=10767
Week 3,Kwangdong Freecs,Gen.G,0 - 2,2,14.1B,Corki,Senna,Rumble,Orianna,Varus,Ashe,Lucian,"Aphelios, Milio","Nami, Vi",Sejuani,Taliyah,Tristana,LeBlanc,K'Sante,Yone,"Akali, Aatrox",Udyr,Bot,Support,Jungle,Mid,Top,Bot,Support,Jungle,Mid,Top,SB,https://www.youtube.com/live/gkn7RJCQHxA?si=bA8EHMpZ0nWPjyYe&t=5082
Week 3,Kwangdong Freecs,Gen.G,0 - 1,2,14.1B,Corki,Ashe,Rumble,Senna,Varus,Vi,Lucian,"Aphelios, Milio","Nami, Orianna",Rell,Nocturne,Tristana,Sejuani,Azir,Neeko,"Jarvan IV, Aatrox",K'Sante,Bot,Support,Mid,Jungle,Top,Bot,Support,Jungle,Mid,Top,SB,https://www.youtube.com/live/gkn7RJCQHxA?si=_f5ghUWyj48kq6fS&t=1780
Week 3,FearX,Nongshim RedForce,2 - 1,1,14.1B,Poppy,Ashe,Vi,Lucian,Taliyah,Senna,Varus,"Rakan, Orianna","Tahm Kench, Azir",Xayah,Rumble,Nocturne,Sejuani,Rell,Viego,"Maokai, Aatrox",Yone,Bot,Support,Mid,Jungle,Top,Support,Mid,Bot,Jungle,Top,SB,https://www.youtube.com/live/XxJcLQtierE?si=Ts2D5uUnUVbfNvdk&t=17687
Week 3,Nongshim RedForce,FearX,1 - 1,1,14.1B,LeBlanc,Poppy,Senna,Taliyah,Lucian,Varus,Orianna,"Rakan, Xayah","Jinx, Tahm Kench",Rumble,Aatrox,Akali,Nocturne,Rell,K'Sante,"Viego, Gnar",Irelia,Mid,Bot,Support,Jungle,Top,Support,Bot,Jungle,Top,Mid,SB,https://www.youtube.com/live/XxJcLQtierE?si=9UVl27vlTpG7Pi1I&t=14394
Week 3,FearX,Nongshim RedForce,1 - 0,1,14.1B,Poppy,Milio,Vi,Nocturne,Varus,Senna,Lucian,"Xayah, Rakan","Nami, Orianna",Azir,Rumble,K'Sante,Sejuani,Udyr,Rell,"Xin Zhao, Jax",Aatrox,Bot,Support,Mid,Jungle,Top,Bot,Support,Mid,Jungle,Top,SB,https://www.youtube.com/live/XxJcLQtierE?si=Oek2lVXLpsz8wZnW&t=10769
Week 3,DRX,T1,0 - 2,2,14.1B,Ashe,Maokai,Kalista,Lucian,Orianna,Nautilus,Corki,"Senna, Neeko","Xayah, Rakan",Aatrox,Sejuani,Nilah,Poppy,Nocturne,Viego,"K'Sante, Rell",Ornn,Mid,Bot,Support,Top,Jungle,Bot,Mid,Top,Jungle,Support,SB,https://www.youtube.com/live/XxJcLQtierE?si=Go4omkhueDdIInes&t=4781
Week 3,T1,DRX,1 - 0,1,14.1B,Maokai,Ashe,Kalista,Varus,Senna,Corki,Lucian,"Aphelios, Milio","Nami, Orianna",Azir,Nocturne,Sejuani,Jarvan IV,Udyr,Rell,"Aatrox, Vi",Jax,Bot,Support,Mid,Top,Jungle,Bot,Support,Mid,Jungle,Top,SB,https://www.youtube.com/live/XxJcLQtierE?si=LsutFYSXwDmO0mJ5&t=1780
Week 3,KT Rolster,OKSavingsBank BRION,2 - 0,1,14.1B,Orianna,Corki,Kalista,Varus,Lucian,Rumble,Udyr,"Sejuani, Azir","Vi, Taliyah",Darius,Caitlyn,Renata Glasc,Ezreal,Rakan,Tahm Kench,"Senna, Maokai",Aphelios,Top,Jungle,Mid,Bot,Support,Jungle,Mid,Top,Support,Bot,SB,https://www.youtube.com/live/y5jxmWTcmHI?si=kjQkwY-aoGoILEWw&t=15760
Week 3,KT Rolster,OKSavingsBank BRION,1 - 0,1,14.1B,Orianna,Lucian,Rakan,Poppy,Kalista,Varus,Corki,"Tristana, Maokai","Vi, Rumble",K'Sante,Caitlyn,Renata Glasc,Ezreal,Alistar,Xayah,"Senna, Nautilus",Leona,Mid,Jungle,Top,Bot,Support,Mid,Jungle,Top,Bot,Support,SB,https://www.youtube.com/live/y5jxmWTcmHI?si=KQ_YfrJDTBbK50jO&t=12600
Week 3,Kwangdong Freecs,Dplus KIA,2 - 0,1,14.1B,Rell,Corki,Vi,Ashe,Rumble,Senna,Lucian,"Udyr, Milio","Nami, Aatrox",Tristana,Orianna,Aphelios,Viego,Maokai,Sejuani,"Poppy, Taliyah",Kog'Maw,Bot,Support,Top,Jungle,Mid,Top,Support,Mid,Jungle,Bot,SB,https://www.youtube.com/live/y5jxmWTcmHI?si=2-tPp8Qt2hwSRPgp&t=6324
Week 3,Kwangdong Freecs,Dplus KIA,1 - 0,1,14.1B,Rell,Corki,Vi,Ashe,Rumble,K'Sante,Senna,"Udyr, Milio","Aatrox, Nautilus",Lucian,Orianna,Neeko,Azir,Tristana,LeBlanc,"Taliyah, Viego",Lee Sin,Bot,Top,Support,Mid,Jungle,Top,Support,Bot,Mid,Jungle,SB,https://www.youtube.com/live/y5jxmWTcmHI?si=UWHnSeHIcJ6KLPO2&t=2618
Week 2,Hanwha Life Esports,T1,0 - 2,2,14.1B,Nocturne,Maokai,Kalista,Sejuani,Lucian,Rakan,Corki,"Varus, Rell","Vi, K'Sante",Orianna,Senna,Ashe,Ezreal,Aatrox,Yone,"Aphelios, Milio",Pyke,Mid,Jungle,Top,Bot,Support,Bot,Jungle,Mid,Top,Support,SB,https://www.youtube.com/live/6xMaoW-YXOM?si=_-5dZQ_1eE4GCB5h&t=17455
Week 2,Hanwha Life Esports,T1,0 - 1,2,14.1B,Orianna,Maokai,Varus,Vi,Lucian,Sejuani,Corki,"Kalista, Neeko","Xayah, Rakan",Nocturne,Udyr,Renata Glasc,K'Sante,Rumble,Ashe,"Aatrox, Poppy",Yone,Mid,Bot,Support,Top,Jungle,Bot,Mid,Jungle,Support,Top,SB,https://www.youtube.com/live/6xMaoW-YXOM?si=UU-gwR7uhYwPC1Uk&t=13989
Week 2,DRX,OKSavingsBank BRION,2 - 1,1,14.1B,Lucian,Orianna,Senna,K'Sante,Renata Glasc,Poppy,Sejuani,"Xayah, Rakan","Jinx, Tahm Kench",Maokai,Jax,Yone,LeBlanc,Tristana,Azir,"Aatrox, Akali",Renekton,Jungle,Bot,Support,Top,Mid,Bot,Support,Jungle,Mid,Top,SB,https://www.youtube.com/live/6xMaoW-YXOM?si=9Y26mvzqxrB44dRW&t=7898
Week 2,OKSavingsBank BRION,DRX,1 - 1,2,14.1B,LeBlanc,Lucian,K'Sante,Senna,Rakan,Renata Glasc,Orianna,"Varus, Sejuani","Poppy, Udyr",Azir,Kalista,Jax,Nautilus,Ashe,Gnar,"Aphelios, Milio",Bard,Mid,Jungle,Top,Bot,Support,Bot,Jungle,Mid,Top,Support,SB,https://www.youtube.com/live/6xMaoW-YXOM?si=Cv1fcYZbNwTZVWxK&t=4257
Week 2,DRX,OKSavingsBank BRION,0 - 1,2,14.1B,Lucian,Orianna,Senna,K'Sante,Varus,Poppy,Kalista,"Xayah, Rakan","Renata Glasc, Azir",Maokai,Sejuani,Corki,Rell,Tristana,Akali,"Lee Sin, Aatrox",Yone,Bot,Support,Mid,Jungle,Top,Bot,Support,Jungle,Mid,Top,SB,https://www.youtube.com/live/6xMaoW-YXOM?si=4s2y96OZOsHu6R4u&t=1013
Week 2,Nongshim RedForce,Kwangdong Freecs,0 - 2,2,14.1B,Rumble,Udyr,Kalista,Vi,Ashe,Orianna,Senna,"Draven, Corki","Azir, Nautilus",Renata Glasc,Xin Zhao,Sejuani,Maokai,Rell,Poppy,"Viego, K'Sante",Trundle,Bot,Mid,Support,Jungle,Top,Bot,Mid,Support,Top,Jungle,SB,https://www.youtube.com/live/QofSjxoKwOc?si=0AhoAKPb8OU69NhJ&t=19791
Week 2,Kwangdong Freecs,Nongshim RedForce,1 - 0,1,14.1B,Vi,Kalista,Varus,Rumble,Aphelios,Ashe,Senna,"Milio, Lucian","Seraphine, Orianna",Azir,Aatrox,Udyr,Xin Zhao,Sejuani,Jax,"Nocturne, K'Sante",Trundle,Support,Bot,Mid,Jungle,Top,Support,Bot,Mid,Top,Jungle,SB,https://www.youtube.com/live/QofSjxoKwOc?si=YMWDLy3TN-J37vgQ&t=16405
Week 2,Dplus KIA,Gen.G,1 - 2,2,14.1B,Corki,Vi,K'Sante,Orianna,Aphelios,Rakan,Maokai,"Milio, Lucian","Varus, Ashe",Tristana,Jayce,Rell,Yone,Ivern,Sejuani,"Azir, Aatrox",Rumble,Jungle,Bot,Support,Mid,Top,Support,Bot,Mid,Jungle,Top,SB,https://www.youtube.com/live/QofSjxoKwOc?si=uk5f_aojUBOhpfdA&t=9999
Week 2,Gen.G,Dplus KIA,1 - 1,1,14.1B,Vi,Corki,Orianna,Milio,Rakan,Ashe,Maokai,"Lucian, Rell","Aphelios, Lulu",Nami,Azir,LeBlanc,K'Sante,Akali,Aatrox,"Udyr, Jayce",Syndra,Jungle,Bot,Support,Top,Mid,Bot,Jungle,Support,Top,Mid,SB,https://www.youtube.com/live/QofSjxoKwOc?si=VY71Y6kPG9e8C4eG&t=6109
Week 2,Gen.G,Dplus KIA,0 - 1,2,14.1B,Vi,Corki,Orianna,Maokai,Kalista,Milio,Varus,"Xayah, Rakan","Sejuani, Ashe",Sylas,Yone,Lee Sin,Azir,Rumble,Rell,"K'Sante, Akali",Olaf,Bot,Jungle,Support,Mid,Top,Bot,Support,Mid,Jungle,Top,SB,https://www.youtube.com/live/QofSjxoKwOc?si=6oRSZ8oyC_t3rKdL&t=2364
Week 2,DRX,FearX,1 - 2,2,14.1B,Lucian,Poppy,Draven,Orianna,Renata Glasc,Ashe,Varus,"Rakan, K'Sante","LeBlanc, Sejuani",Xayah,Jax,Wukong,Tahm Kench,Vi,Gragas,"Nautilus, Udyr",Yasuo,Bot,Mid,Jungle,Support,Top,Support,Top,Bot,Jungle,Mid,SB,https://www.youtube.com/live/hXYA4lvsdhU?si=5VPzq-oaSVouJV-G&t=20766
Week 2,DRX,FearX,1 - 1,1,14.1B,Varus,Poppy,Draven,Orianna,Lucian,Kalista,K'Sante,"Xayah, Rakan","Jinx, Tahm Kench",Udyr,Maokai,Wukong,Corki,Xin Zhao,Azir,"Sejuani, LeBlanc",Rell,Top,Bot,Support,Jungle,Mid,Bot,Support,Top,Mid,Jungle,SB,https://www.youtube.com/live/hXYA4lvsdhU?si=WAZtbeYYXLoXZGMk&t=17566
Week 2,FearX,DRX,1 - 0,1,14.1B,Poppy,Lucian,Orianna,Draven,Varus,Kalista,K'Sante,"Azir, Senna","Xayah, Rakan",Tahm Kench,Taliyah,Jax,Wukong,Udyr,Maokai,"Sejuani, Akali",Aatrox,Top,Bot,Support,Jungle,Mid,Mid,Bot,Support,Jungle,Top,SB,https://www.youtube.com/live/hXYA4lvsdhU?si=V6e8lHrGRyZNCVV9&t=13792
Week 2,KT Rolster,T1,1 - 2,2,14.1B,Vi,Senna,Corki,Kalista,Ashe,Taliyah,Milio,"Lucian, Orianna","Aphelios, Azir",Nami,Udyr,Nocturne,Jax,Jarvan IV,Rell,"K'Sante, Xin Zhao",Aatrox,Support,Bot,Mid,Top,Jungle,Bot,Mid,Support,Jungle,Top,SB,https://www.youtube.com/live/hXYA4lvsdhU?si=Vq2ZP2jc4E0US4uM&t=7918
Week 2,T1,KT Rolster,1 - 1,1,14.1B,Aphelios,Lucian,Varus,Kalista,Taliyah,Senna,Corki,"Xayah, Vi","Jinx, Tahm Kench",Rakan,Rell,Neeko,Jarvan IV,Orianna,Akali,"Poppy, K'Sante",Gwen,Mid,Bot,Support,Jungle,Top,Bot,Jungle,Support,Mid,Top,SB,https://www.youtube.com/live/hXYA4lvsdhU?si=crcNladCE7PFJJYD&t=5342
Week 2,KT Rolster,T1,1 - 0,1,14.1B,Varus,Udyr,Corki,Senna,Vi,Jax,Kalista,"Rumble, Azir","K'Sante, Taliyah",Lee Sin,Renata Glasc,Lucian,Sejuani,Xayah,Draven,"Alistar, Viego",Nautilus,Bot,Top,Mid,Support,Jungle,Top,Mid,Jungle,Bot,Support,SB,https://www.youtube.com/live/hXYA4lvsdhU?si=4kMTPmVTM892d0ZL&t=1807
Week 2,OKSavingsBank BRION,Gen.G,0 - 2,2,14.1B,Varus,Poppy,Kalista,Orianna,Corki,Senna,Lucian,"Aphelios, Milio","Nami, Azir",Maokai,Vi,Yone,Rell,Tristana,Jayce,"Lee Sin, K'Sante",Udyr,Bot,Support,Mid,Jungle,Top,Bot,Support,Jungle,Mid,Top,SB,https://www.youtube.com/live/mM1vzpAYR5w?si=Y8UDqNd0uPufrSYR&t=14994
Week 2,OKSavingsBank BRION,Gen.G,0 - 1,2,14.1B,Rumble,Poppy,Varus,Orianna,Kalista,Lee Sin,Senna,"Aphelios, Nautilus","Seraphine, Azir",Corki,Xin Zhao,Maokai,Wukong,Rell,K'Sante,"Graves, Aatrox",Brand,Support,Bot,Mid,Jungle,Top,Bot,Support,Mid,Top,Jungle,SB,https://www.youtube.com/live/mM1vzpAYR5w?si=m5lWju-bPytd8PbJ&t=11927
Week 2,Nongshim RedForce,Dplus KIA,0 - 2,2,14.1B,LeBlanc,K'Sante,Corki,Azir,Vi,Ashe,Maokai,"Lucian, Milio","Senna, Seraphine",Rell,Tristana,Rumble,Udyr,Orianna,Aatrox,"Jax, Taliyah",Kassadin,Jungle,Bot,Support,Top,Mid,Bot,Support,Jungle,Top,Mid,SB,https://www.youtube.com/live/mM1vzpAYR5w?si=wWcuYojoeVBRZ7qv&t=5799
Week 2,Dplus KIA,Nongshim RedForce,1 - 0,1,14.1B,K'Sante,Vi,Kalista,Maokai,Azir,Ashe,Lucian,"Orianna, Milio","Nami, Rell",Aphelios,Rumble,Poppy,Syndra,Udyr,Jax,"LeBlanc, Aatrox",Wukong,Bot,Support,Jungle,Mid,Top,Mid,Support,Bot,Top,Jungle,SB,https://www.youtube.com/live/mM1vzpAYR5w?si=m-fVtAGk01dOP1RC&t=2961
Week 2,KT Rolster,Kwangdong Freecs,1 - 2,2,14.1B,Sejuani,Ashe,Rumble,Lucian,Varus,Neeko,Azir,"Kalista, Renata Glasc","Maokai, Jax",K'Sante,Hwei,Orianna,Caitlyn,Taliyah,Corki,"Draven, Pyke",Lee Sin,Mid,Jungle,Top,Bot,Support,Bot,Support,Top,Mid,Jungle,SB,https://www.youtube.com/live/Kg_qK8uAaEY?si=xupj4IVBdACMI0I1&t=18680
Week 2,KT Rolster,Kwangdong Freecs,1 - 1,2,14.1B,Sejuani,Ashe,Draven,Lucian,Varus,Kalista,Orianna,"Rumble, Vi","Udyr, Nocturne",Azir,Ezreal,Xayah,Rakan,Tahm Kench,Senna,"Caitlyn, Hwei",Jhin,Mid,Top,Jungle,Bot,Support,Top,Jungle,Mid,Support,Bot,SB,https://www.youtube.com/live/Kg_qK8uAaEY?si=8ZuANwj-mm4L5TV7&t=15571
Week 2,KT Rolster,Kwangdong Freecs,1 - 0,1,14.1B,Sejuani,Ashe,Draven,Lucian,Varus,Kalista,Orianna,"Azir, Rumble","Vi, Udyr",Viego,Ezreal,Caitlyn,Renata Glasc,Xayah,Aphelios,"Senna, Ornn",Tahm Kench,Mid,Jungle,Top,Bot,Support,Mid,Top,Jungle,Bot,Support,SB,https://www.youtube.com/live/Kg_qK8uAaEY?si=Eveh68HDK5zTcHAG&t=11677
Week 2,Hanwha Life Esports,FearX,2 - 0,1,14.1B,Varus,Poppy,Senna,Ashe,Vi,Sejuani,Milio,"Kalista, Udyr","Maokai, Lucian",Renata Glasc,K'Sante,Brand,Jax,Yone,Azir,"Tristana, Rumble",Lee Sin,Support,Jungle,Bot,Mid,Top,Bot,Top,Support,Mid,Jungle,SB,https://www.youtube.com/live/Kg_qK8uAaEY?si=Q3KteF5IadVRXG-s&t=5900
Week 2,FearX,Hanwha Life Esports,0 - 1,2,14.1B,Vi,Varus,Sejuani,Milio,Kalista,K'Sante,Azir,"Corki, Lucian","Senna, Nautilus",Nami,Wukong,Jax,Xin Zhao,Maokai,Udyr,"Gnar, Viego",Poppy,Mid,Bot,Support,Top,Jungle,Mid,Bot,Support,Top,Jungle,SB,https://www.youtube.com/live/Kg_qK8uAaEY?si=n5EVEGd6L5bOWC1u&t=2620
Week 1,Dplus KIA,KT Rolster,1 - 2,2,14.1B,Azir,Maokai,Neeko,Rakan,Ashe,Kalista,Orianna,"Lucian, Milio","Zeri, Yuumi",Vi,Nocturne,Taliyah,Wukong,Sylas,Syndra,"Sejuani, K'Sante",Gnar,Mid,Bot,Support,Jungle,Top,Bot,Support,Jungle,Mid,Top,SB,https://www.youtube.com/live/LvOixeqAsx0?si=YRuN8_5fGvt1kheW&t=18601
Week 1,KT Rolster,Dplus KIA,1 - 1,1,14.1B,Rakan,Neeko,Maokai,Orianna,Kalista,Ashe,Milio,"Vi, Lucian","Aphelios, Azir",Nami,Poppy,Corki,Sejuani,LeBlanc,Akali,"Udyr, Xin Zhao",Rumble,Support,Bot,Mid,Top,Jungle,Jungle,Bot,Support,Mid,Top,SB,https://www.youtube.com/live/LvOixeqAsx0?si=RBEh1t6DkRZ4zrLM&t=14363
Week 1,Dplus KIA,KT Rolster,1 - 0,1,14.1B,Azir,Orianna,Neeko,Lucian,Ashe,Corki,Maokai,"Kalista, Tristana","Xayah, Rakan",Renata Glasc,Jayce,Brand,Taliyah,Rumble,Ivern,"Syndra, Aatrox",K'Sante,Jungle,Bot,Support,Mid,Top,Bot,Mid,Support,Jungle,Top,SB,https://www.youtube.com/live/LvOixeqAsx0?si=UOQjipKvZGcO_1DC&t=11543
Week 1,Hanwha Life Esports,Kwangdong Freecs,2 - 0,1,14.1B,Varus,Lucian,Sejuani,Kalista,Milio,Orianna,Maokai,"Corki, Viego","Azir, K'Sante",Aatrox,Rell,Ashe,Sivir,Renata Glasc,Ezreal,"Kai'Sa, Rakan",Karma,Jungle,Mid,Top,Bot,Support,Mid,Jungle,Top,Bot,Support,SB,https://www.youtube.com/live/LvOixeqAsx0?si=Hpjpywol1Y31sE2H&t=5473
Week 1,Hanwha Life Esports,Kwangdong Freecs,1 - 0,1,14.1B,Varus,Lucian,Sejuani,Kalista,K'Sante,Orianna,Maokai,"Ashe, Corki","Aatrox, Azir",Jax,Blitzcrank,Renata Glasc,Caitlyn,Vi,Rell,"Zeri, Rakan",Milio,Jungle,Top,Mid,Bot,Support,Bot,Mid,Top,Jungle,Support,SB,https://www.youtube.com/live/LvOixeqAsx0?si=zaEJnJw-TkHDdxSg&t=1972
Week 1,Gen.G,Nongshim RedForce,2 - 0,1,14.1B,K'Sante,Yone,Vi,Varus,Kalista,Ashe,Milio,"Tristana, Maokai","Lucian, Taliyah",Udyr,Darius,Nautilus,Poppy,Nilah,Aphelios,"Olaf, Rell",Lulu,Support,Bot,Mid,Top,Jungle,Mid,Jungle,Top,Bot,Support,SB,https://www.youtube.com/live/hUQ1XtqI4D4?si=ih-XtrM-2w_sngvo&t=14511
Week 1,Nongshim RedForce,Gen.G,0 - 1,2,14.1B,Corki,Kalista,Varus,Vi,Maokai,Ashe,Lucian,"Aphelios, Milio","Nami, Azir",Sejuani,Rell,Yone,K'Sante,Tristana,Taliyah,"Udyr, Trundle",Darius,Bot,Support,Mid,Top,Jungle,Bot,Support,Jungle,Mid,Top,SB,https://www.youtube.com/live/hUQ1XtqI4D4?si=-tkvEgd1-e90zWVi&t=11738
Week 1,FearX,OKSavingsBank BRION,2 - 0,1,14.1B,Poppy,Rumble,Sejuani,Yone,Milio,Rakan,Varus,"Orianna, Lee Sin","Azir, Udyr",Ezreal,Xin Zhao,K'Sante,Viego,Braum,Renekton,"Nautilus, Wukong",Bard,Bot,Mid,Top,Support,Jungle,Mid,Jungle,Bot,Top,Support,SB,https://www.youtube.com/live/hUQ1XtqI4D4?si=OV3-B5Vkvu6x5PSj&t=5741
Week 1,OKSavingsBank BRION,FearX,0 - 1,2,14.1B,Rumble,Poppy,LeBlanc,Milio,Udyr,Varus,Azir,"Xayah, Rakan","Zeri, Lulu",Yone,Jax,Sejuani,Lee Sin,Maokai,K'Sante,"Gwen, Xin Zhao",Brand,Mid,Bot,Support,Top,Jungle,Bot,Support,Mid,Top,Jungle,SB,https://www.youtube.com/live/hUQ1XtqI4D4?si=nsv_i8jUxtPG09Uh&t=2774
Week 1,T1,Kwangdong Freecs,2 - 0,1,14.1B,K'Sante,Ashe,Aphelios,Renata Glasc,Udyr,Orianna,Lucian,"Milio, Vi","Nami, Corki",Varus,Poppy,Neeko,Rell,Jax,Rumble,"Jarvan IV, Ornn",LeBlanc,Bot,Support,Mid,Jungle,Top,Support,Jungle,Bot,Top,Mid,SB,https://www.youtube.com/live/SfZsCRx46OI?si=o4z6KX_5eeQ8QLMG&t=15071
Week 1,T1,Kwangdong Freecs,1 - 0,1,14.1B,K'Sante,Ashe,Aphelios,Renata Glasc,Udyr,Vi,Lucian,"Varus, Sejuani","Milio, Orianna",Lulu,Rumble,Jax,Nocturne,Azir,Aatrox,"Yone, Rell",Hwei,Bot,Support,Mid,Top,Jungle,Bot,Jungle,Support,Top,Mid,SB,https://www.youtube.com/live/SfZsCRx46OI?si=-69T4lSkONf-BWxq&t=12198
Week 1,Hanwha Life Esports,DRX,2 - 0,1,14.1B,Orianna,Milio,Ashe,Vi,Udyr,Corki,Azir,"Tristana, Maokai","Kalista, Renata Glasc",Varus,K'Sante,Rumble,Sejuani,Jax,Senna,"Aatrox, Zac",Gwen,Mid,Bot,Support,Top,Jungle,Mid,Jungle,Bot,Support,Top,SB,https://www.youtube.com/live/SfZsCRx46OI?si=qyMQ2yrENarNRf9h&t=5770
Week 1,Hanwha Life Esports,DRX,1 - 0,1,14.1B,Orianna,Milio,Ashe,Vi,Udyr,Corki,Lucian,"Rumble, Maokai","Nami, K'Sante",Tristana,Sejuani,Kalista,Azir,Rakan,Aphelios,"Yone, Rell",Lulu,Bot,Support,Top,Mid,Jungle,Top,Jungle,Mid,Bot,Support,SB,https://www.youtube.com/live/SfZsCRx46OI?si=GO3WZOv97CQD3Y8z&t=2531
Week 1,FearX,KT Rolster,0 - 2,2,14.1B,Ashe,Akali,Azir,Orianna,Varus,Lucian,Renata Glasc,"Kalista, Hwei","Draven, Udyr",K'Sante,Poppy,Neeko,LeBlanc,Lee Sin,Xin Zhao,"Viego, Syndra",Taliyah,Support,Bot,Top,Jungle,Mid,Bot,Support,Top,Jungle,Mid,SB,https://www.youtube.com/live/0-M1q07v5fs?si=9SQYq4ZJ_x7ipN7a&t=15717
Week 1,KT Rolster,FearX,1 - 0,1,14.1B,Akali,Poppy,LeBlanc,Ashe,Kalista,Vi,Orianna,"Varus, Renata Glasc","Ezreal, Udyr",Azir,Bard,K'Sante,Nocturne,Gnar,Xin Zhao,"Hwei, Lee Sin",Rumble,Mid,Bot,Top,Support,Jungle,Bot,Support,Mid,Jungle,Top,SB,https://www.youtube.com/live/0-M1q07v5fs?si=ND515RenDZxrsomW&t=12269
Week 1,OKSavingsBank BRION,Dplus KIA,0 - 2,2,14.1B,Ashe,Orianna,Rumble,Corki,LeBlanc,Milio,Azir,"Vi, Rakan","Sejuani, Jax",Xayah,Renata Glasc,Akali,Lulu,Neeko,Poppy,"Ezreal, Bard",Sylas,Mid,Jungle,Top,Bot,Support,Jungle,Support,Bot,Top,Mid,SB,https://www.youtube.com/live/0-M1q07v5fs?si=eP5JINphvGVQw3ql&t=5890
Week 1,OKSavingsBank BRION,Dplus KIA,0 - 1,2,14.1B,Ashe,Orianna,Rumble,Corki,LeBlanc,Milio,Azir,"Vi, Rakan","Kalista, Renata Glasc",Xayah,Poppy,Taliyah,Sejuani,Akali,Neeko,"Lee Sin, Jax",Gragas,Mid,Bot,Support,Jungle,Top,Jungle,Support,Bot,Mid,Top,SB,https://www.youtube.com/live/0-M1q07v5fs?si=RK24EfdTd16__0Ui&t=2449
Week 1,T1,Gen.G,1 - 2,2,14.1B,Vi,Ashe,Corki,Renata Glasc,Lucian,Orianna,Azir,"Varus, Rakan","Jhin, Bard",Yone,Lee Sin,Sejuani,Poppy,Nocturne,Udyr,"Kennen, Bel'Veth",Maokai,Mid,Bot,Support,Top,Jungle,Bot,Support,Mid,Top,Jungle,SB,https://www.youtube.com/live/_IqHDLYwnQ4?si=8zJEOVjhGw-AbZEm&t=21091
Week 1,T1,Gen.G,1 - 1,2,14.1B,Vi,Ashe,Corki,Renata Glasc,Lucian,Orianna,Azir,"Varus, Rakan","Lee Sin, Udyr",K'Sante,Milio,Brand,Bard,Taliyah,Tristana,"Nilah, Senna",Maokai,Mid,Jungle,Top,Bot,Support,Bot,Support,Top,Mid,Jungle,SB,https://www.youtube.com/live/_IqHDLYwnQ4?si=M_dkBzUmTJmqQlRk&t=17895
Week 1,Gen.G,T1,0 - 1,2,14.1B,Ashe,Udyr,Renata Glasc,Rumble,Orianna,Vi,Corki,"Lucian, Milio","Aphelios, Lulu",Neeko,Sejuani,Nocturne,Poppy,Lee Sin,Jarvan IV,"K'Sante, Rell",Gwen,Mid,Bot,Support,Top,Jungle,Bot,Support,Mid,Jungle,Top,SB,https://www.youtube.com/live/_IqHDLYwnQ4?si=f8aSmiPvPI9ZqLtp&t=14828
Week 1,DRX,Nongshim RedForce,0 - 2,2,14.1B,K'Sante,Ashe,Azir,Kalista,LeBlanc,Orianna,Lucian,"Milio, Vi","Nami, Akali",Aphelios,Nocturne,Twisted Fate,Lee Sin,Ahri,Udyr,"Jax, Xin Zhao",Taliyah,Bot,Support,Mid,Top,Jungle,Support,Jungle,Bot,Top,Mid,SB,https://www.youtube.com/live/_IqHDLYwnQ4?si=kO3XSFokaWWOfccm&t=8834
Week 1,DRX,Nongshim RedForce,0 - 1,2,14.1B,K'Sante,Ashe,Kalista,Varus,LeBlanc,Vi,Lucian,"Milio, Azir","Orianna, Nami",Aphelios,Nocturne,Skarner,Lee Sin,Sejuani,Jax,"Poppy, Udyr",Gnar,Bot,Mid,Support,Jungle,Top,Support,Mid,Bot,Jungle,Top,SB,https://www.youtube.com/live/_IqHDLYwnQ4?si=ceaKUh7c1HndWs1l&t=5007
