Pick and Ban Order - LPL 2024 Spring,Phase,Blue,Red,Score,Winner,Patch,BB1,RB1,BB2,RB2,BB3,RB3,BP1,RP1-2,BP2-3,RP3,RB4,BB4,RB5,BB5,RP4,BP4-5,RP5,BR1,BR2,BR3,BR4,BR5,RR1,RR2,RR3,RR4,RR5,SB,VOD


Week 5,ThunderTalk Gaming,Bilibili Gaming,0 - 2,2,14.2,Neeko,Hwei,Ashe,Senna,Caitlyn,Karma,Azir,"Kalista, K'Sante","Varus, Heimerdinger",Ezreal,Udyr,Brand,Poppy,Taliyah,Vi,"Xin Zhao, Zac",Akali,Mid,Bot,Support,Jungle,Top,Bot,Top,Support,Jungle,Mid,SB,
Week 5,Bilibili Gaming,ThunderTalk Gaming,1 - 0,1,14.2,Hwei,Ashe,Senna,Vi,Varus,LeBlanc,Kalista,"Lucian, Xin Zhao","Renata Glasc, Neeko",Milio,Lee Sin,Karma,K'Sante,Azir,Orianna,"Jax, Udyr",Gnar,Bot,Support,Mid,Jungle,Top,Bot,Jungle,Support,Mid,Top,SB,
Week 5,Invictus Gaming,LGD Gaming,2 - 1,1,14.2,Twisted Fate,Senna,Renata Glasc,Neeko,Xin Zhao,Azir,Karma,"Varus, Hwei","Graves, K'Sante",Gnar,Kalista,Maokai,Xayah,Braum,Viego,"Nautilus, Draven",Alistar,Mid,Jungle,Top,Support,Bot,Bot,Mid,Top,Jungle,Support,SB,
Week 5,LGD Gaming,Invictus Gaming,1 - 1,2,14.2,Neeko,Senna,Azir,Renata Glasc,Kalista,Karma,Varus,"K'Sante, Nautilus","Gnar, Rakan",Taliyah,LeBlanc,Draven,Akali,Xayah,Tristana,"Hwei, Xin Zhao",Lee Sin,Bot,Top,Support,Mid,Jungle,Top,Support,Mid,Bot,Jungle,SB,
Week 5,Invictus Gaming,LGD Gaming,0 - 1,2,14.2,Twisted Fate,Senna,Renata Glasc,Azir,Ashe,Jax,Varus,"Karma, Xin Zhao","Neeko, K'Sante",Gnar,Viego,Rakan,Graves,Draven,Nautilus,"Nocturne, Alistar",Xayah,Bot,Mid,Top,Jungle,Support,Mid,Jungle,Top,Support,Bot,SB,
Week 5,Top Esports,FunPlus Phoenix,1 - 2,2,14.2,Kindred,Lucian,Azir,Ashe,Varus,Senna,Kalista,"Karma, Xin Zhao","Renata Glasc, Aatrox",Miss Fortune,Poppy,Jax,Rell,K'Sante,Maokai,"Akali, Vi",Fiora,Bot,Support,Top,Mid,Jungle,Mid,Jungle,Bot,Support,Top,SB,
Week 5,FunPlus Phoenix,Top Esports,1 - 1,1,14.2,Varus,Kindred,Lucian,Azir,Kalista,Karma,Senna,"Ashe, Akali","Nautilus, Twisted Fate",Ezreal,Graves,Udyr,Viego,K'Sante,Lee Sin,"Xin Zhao, Aatrox",Jax,Bot,Support,Mid,Jungle,Top,Support,Mid,Bot,Jungle,Top,SB,
Week 5,Top Esports,FunPlus Phoenix,1 - 0,1,14.2,Kindred,Ashe,Azir,Nautilus,Varus,Renata Glasc,Senna,"Karma, Maokai","Tahm Kench, Akali",Twisted Fate,Udyr,Graves,Lee Sin,Xin Zhao,Viego,"Aatrox, Rell",K'Sante,Bot,Support,Mid,Top,Jungle,Mid,Support,Bot,Jungle,Top,SB,
Week 4,Ninjas in Pyjamas.CN,LNG Esports,2 - 1,1,14.2,Karma,Udyr,Ashe,Nautilus,Varus,Azir,Kalista,"Senna, Xin Zhao","Renata Glasc, K'Sante",Tahm Kench,Brand,Gwen,Orianna,Gnar,Aatrox,"Hwei, Lee Sin",Neeko,Bot,Support,Top,Mid,Jungle,Bot,Jungle,Support,Top,Mid,SB,
Week 4,Ninjas in Pyjamas.CN,LNG Esports,1 - 1,1,14.2,Karma,Udyr,Ashe,Nautilus,Varus,LeBlanc,Azir,"Kalista, Xin Zhao","Senna, Tahm Kench",Renata Glasc,Poppy,Hwei,None,Neeko,Taliyah,"K'Sante, Sejuani",Aatrox,Mid,Bot,Support,Top,Jungle,Bot,Jungle,Support,Mid,Top,SB,
Week 4,Ninjas in Pyjamas.CN,LNG Esports,0 - 1,2,14.2,Karma,Udyr,Azir,Nautilus,Ashe,Taliyah,Varus,"Xin Zhao, Lucian","K'Sante, Renata Glasc",Milio,Vi,Gnar,Orianna,Neeko,Hwei,"LeBlanc, Brand",Gwen,Bot,Top,Support,Mid,Jungle,Jungle,Bot,Support,Mid,Top,SB,
Week 4,Weibo Gaming,Oh My God,1 - 2,2,14.2,Neeko,Kalista,Nautilus,Lucian,Udyr,Renata Glasc,K'Sante,"Senna, Viego","Tristana, Rakan",Maokai,Xin Zhao,Gnar,Lee Sin,Aatrox,Camille,"Vi, Taliyah",Twisted Fate,Top,Bot,Support,Jungle,Mid,Bot,Jungle,Support,Top,Mid,SB,
Week 4,Oh My God,Weibo Gaming,1 - 1,1,14.2,Kalista,Senna,Lucian,Neeko,Ashe,Twisted Fate,Udyr,"Karma, Xin Zhao","Viego, Ezreal",K'Sante,Hwei,Renata Glasc,Azir,Rakan,Aphelios,"Nautilus, Taliyah",Milio,Top,Jungle,Bot,Support,Mid,Mid,Jungle,Top,Bot,Support,SB,
Week 4,Weibo Gaming,Oh My God,1 - 0,1,14.2,Twisted Fate,Kalista,Senna,Lucian,Neeko,Renata Glasc,Karma,"Udyr, Viego","Xin Zhao, K'Sante",Hwei,Varus,Tristana,Draven,Nautilus,Rakan,"Ashe, Nilah",Xayah,Mid,Jungle,Top,Support,Bot,Top,Jungle,Mid,Support,Bot,SB,
Week 4,Anyone's Legend,EDward Gaming,0 - 2,2,14.2,Jax,Lucian,Senna,Ashe,Renata Glasc,Azir,Karma,"Varus, K'Sante","Xin Zhao, Kalista",Nautilus,Alistar,Brand,Aatrox,Orianna,Hwei,"Udyr, Rell",Graves,Mid,Jungle,Bot,Top,Support,Bot,Top,Support,Mid,Jungle,SB,
Week 4,EDward Gaming,Anyone's Legend,1 - 0,1,14.2,Lucian,Senna,Ashe,Jax,Renata Glasc,Xin Zhao,Azir,"Varus, Nautilus","Kalista, Alistar",Poppy,Graves,Taliyah,Darius,Karma,Orianna,"Brand, K'Sante",Aatrox,Mid,Bot,Support,Jungle,Top,Bot,Support,Jungle,Mid,Top,SB,
Week 4,JD Gaming,Bilibili Gaming,1 - 2,2,14.2,Senna,Kalista,Ashe,Varus,Rakan,Lucian,Neeko,"Karma, Xin Zhao","Lee Sin, Udyr",Darius,Braum,Caitlyn,Renata Glasc,Xayah,Nautilus,"Kai'Sa, Alistar",Tristana,Mid,Jungle,Top,Bot,Support,Mid,Jungle,Top,Support,Bot,SB,
Week 4,Bilibili Gaming,JD Gaming,1 - 1,2,14.2,Neeko,Senna,Xin Zhao,Renata Glasc,Varus,Ashe,Vi,"Lucian, Rell","Caitlyn, Lux",Nami,Akali,Azir,LeBlanc,Aatrox,Taliyah,"K'Sante, Hwei",Twisted Fate,Jungle,Bot,Support,Top,Mid,Bot,Jungle,Support,Mid,Top,SB,
Week 4,JD Gaming,Bilibili Gaming,0 - 1,2,14.2,Senna,Kalista,Ashe,Varus,Rakan,Neeko,Lucian,"Caitlyn, Vi","Milio, Xin Zhao",Lux,Udyr,Akali,Karma,Rumble,K'Sante,"Hwei, Twisted Fate",Taliyah,Bot,Support,Jungle,Mid,Top,Bot,Jungle,Support,Top,Mid,SB,
Week 4,Royal Never Give Up,Rare Atom,1 - 2,2,14.2,Hwei,Nautilus,Udyr,Karma,Senna,Azir,Ashe,"Varus, Neeko","Kalista, Xin Zhao",K'Sante,Gnar,Maokai,Jax,Vi,Rell,"Akali, Zac",Kindred,Support,Bot,Jungle,Mid,Top,Bot,Mid,Top,Support,Jungle,SB,
Week 4,Rare Atom,Royal Never Give Up,1 - 1,2,14.2,Nautilus,Ashe,Azir,Akali,Karma,Hwei,Udyr,"Kalista, Aatrox","Senna, Maokai",Renata Glasc,Graves,Xin Zhao,LeBlanc,Neeko,Orianna,"Taliyah, Viego",Lee Sin,Top,Bot,Support,Mid,Jungle,Bot,Top,Support,Mid,Jungle,SB,
Week 4,Royal Never Give Up,Rare Atom,0 - 1,2,14.2,Akali,Nautilus,LeBlanc,Azir,Aatrox,Karma,Ashe,"Udyr, Hwei","Varus, K'Sante",Senna,Neeko,Maokai,Taliyah,Tahm Kench,Ornn,"Orianna, Jarvan IV",Graves,Support,Bot,Top,Mid,Jungle,Top,Mid,Bot,Support,Jungle,SB,
Week 4,ThunderTalk Gaming,Ultra Prime,2 - 1,1,14.2,Akali,Tristana,Ashe,Milio,Xin Zhao,Orianna,Hwei,"Nautilus, Senna","Kalista, Renata Glasc",Azir,Udyr,Camille,Poppy,Lee Sin,Graves,"Viego, K'Sante",Aatrox,Mid,Bot,Support,Jungle,Top,Support,Bot,Mid,Jungle,Top,SB,
Week 4,Ultra Prime,ThunderTalk Gaming,1 - 1,2,14.2,Tristana,Akali,Orianna,Ashe,Milio,Azir,Renata Glasc,"Varus, Hwei","Kalista, Karma",Xin Zhao,Jarvan IV,Ezreal,Lee Sin,Maokai,Heimerdinger,"K'Sante, Vi",Poppy,Support,Bot,Mid,Top,Jungle,Bot,Mid,Jungle,Support,Top,SB,
Week 4,ThunderTalk Gaming,Ultra Prime,0 - 1,2,14.2,Akali,Tristana,Ashe,Orianna,Varus,Senna,Azir,"Kalista, Renata Glasc","Lucian, Milio",Taliyah,Poppy,Vi,Udyr,Xin Zhao,Maokai,"Sejuani, Aatrox",K'Sante,Mid,Bot,Support,Jungle,Top,Bot,Support,Mid,Jungle,Top,SB,
Week 4,Top Esports,LNG Esports,2 - 0,1,14.2,Azir,Ashe,Varus,Senna,Karma,Kalista,Lucian,"Milio, Hwei","Nami, Akali",Caitlyn,Aatrox,Poppy,Vi,Xin Zhao,Maokai,"K'Sante, Lee Sin",Gnar,Bot,Support,Mid,Top,Jungle,Support,Mid,Bot,Jungle,Top,SB,
Week 4,LNG Esports,Top Esports,0 - 1,2,14.2,Lucian,Azir,Akali,Nautilus,Ashe,Karma,Senna,"Kalista, Hwei","Tahm Kench, Orianna",Renata Glasc,Jax,Xin Zhao,Poppy,Rell,Aatrox,"Yone, Brand",Lee Sin,Bot,Support,Mid,Top,Jungle,Bot,Mid,Support,Top,Jungle,SB,
Week 4,Invictus Gaming,Team WE,1 - 2,2,14.2,Azir,Neeko,Rakan,Camille,Karma,Nautilus,Senna,"Hwei, K'Sante","Maokai, Gwen",Bard,Tristana,Varus,Orianna,Ezreal,Twisted Fate,"LeBlanc, Graves",Lee Sin,Bot,Support,Top,Mid,Jungle,Mid,Top,Support,Bot,Jungle,SB,
Week 4,Team WE,Invictus Gaming,1 - 1,1,14.2,Neeko,Azir,Camille,Rakan,Nautilus,Hwei,Karma,"Kalista, Xin Zhao","K'Sante, Poppy",Renata Glasc,Ashe,Orianna,Senna,Gwen,Udyr,"Varus, Bard",Corki,Mid,Top,Jungle,Bot,Support,Bot,Jungle,Support,Top,Mid,SB,
Week 4,Invictus Gaming,Team WE,1 - 0,1,14.2,Darius,Neeko,Rakan,Kalista,Azir,Camille,Nautilus,"K'Sante, Senna","Varus, Karma",Tahm Kench,Graves,Hwei,Xin Zhao,Corki,Orianna,"Gwen, Lee Sin",Jarvan IV,Support,Bot,Mid,Top,Jungle,Top,Bot,Support,Mid,Jungle,SB,
Week 4,FunPlus Phoenix,LGD Gaming,2 - 1,1,14.2,Xin Zhao,Kindred,Nautilus,Ashe,Brand,Lee Sin,Azir,"Kalista, Renata Glasc","Senna, Maokai",K'Sante,Gnar,LeBlanc,Fiora,Neeko,Tristana,"Aatrox, Graves",Lillia,Mid,Bot,Support,Top,Jungle,Bot,Support,Top,Mid,Jungle,SB,
Week 4,LGD Gaming,FunPlus Phoenix,1 - 1,2,14.2,Kindred,Xin Zhao,Twisted Fate,Ashe,Kalista,Nautilus,Varus,"Senna, Azir","Renata Glasc, Neeko",Maokai,Graves,Lee Sin,Nocturne,Fiora,Viego,"K'Sante, Vi",Gnar,Bot,Support,Mid,Top,Jungle,Bot,Mid,Support,Jungle,Top,SB,
Week 4,FunPlus Phoenix,LGD Gaming,0 - 1,2,14.2,Nautilus,Kindred,Brand,Ashe,Maokai,Twisted Fate,Azir,"Kalista, Renata Glasc","K'Sante, Varus",Neeko,Senna,Udyr,Blitzcrank,Graves,Xin Zhao,"Lee Sin, Rumble",Gnar,Mid,Top,Bot,Jungle,Support,Bot,Support,Mid,Jungle,Top,SB,
Week 4,EDward Gaming,Ninjas in Pyjamas.CN,0 - 2,2,14.2,Darius,Karma,Ashe,Aatrox,Kalista,Azir,Udyr,"Nautilus, Xin Zhao","Senna, Tahm Kench",Varus,Jarvan IV,Hwei,Vi,K'Sante,Orianna,"Tristana, Brand",Rumble,Top,Bot,Support,Mid,Jungle,Support,Jungle,Bot,Mid,Top,SB,
Week 4,EDward Gaming,Ninjas in Pyjamas.CN,0 - 1,2,14.2,Darius,Karma,Ashe,K'Sante,Kalista,Viego,Senna,"Udyr, Nautilus","Tahm Kench, Azir",Varus,Jarvan IV,Taliyah,Jax,LeBlanc,Xin Zhao,"Rell, Aatrox",Hwei,Bot,Support,Mid,Jungle,Top,Top,Support,Bot,Jungle,Mid,SB,
Week 4,Oh My God,Rare Atom,2 - 0,1,14.2,Kalista,Karma,Renata Glasc,Udyr,Neeko,Senna,K'Sante,"Varus, Hwei","Viego, Twisted Fate",Aatrox,Aphelios,Ashe,Ezreal,Nautilus,Rell,"Tristana, Rakan",Maokai,Top,Jungle,Mid,Bot,Support,Bot,Mid,Top,Jungle,Support,SB,
Week 4,Rare Atom,Oh My God,0 - 1,2,14.2,Milio,Kalista,Karma,Renata Glasc,Tristana,Neeko,Ashe,"Senna, Nautilus","Varus, Aatrox",Viego,Rell,Taliyah,Akali,None,Hwei,"Orianna, Xin Zhao",Udyr,Support,Bot,Top,Mid,Jungle,Bot,Support,Jungle,Mid,Top,SB,
Week 4,Anyone's Legend,ThunderTalk Gaming,2 - 0,1,14.2,Tristana,Azir,Kalista,Rell,Varus,Vi,Senna,"Lucian, Orianna","Nautilus, Karma",Milio,K'Sante,Nocturne,Lee Sin,Udyr,Aatrox,"Gnar, Xin Zhao",Jarvan IV,Bot,Support,Mid,Top,Jungle,Bot,Mid,Support,Top,Jungle,SB,
Week 4,ThunderTalk Gaming,Anyone's Legend,0 - 1,2,14.2,Hwei,Kalista,Orianna,Varus,Senna,Tristana,Ashe,"Azir, Lucian","Ezreal, K'Sante",Milio,Taliyah,Maokai,Neeko,Aatrox,Xin Zhao,"Brand, LeBlanc",Udyr,Support,Bot,Top,Jungle,Mid,Mid,Bot,Support,Jungle,Top,SB,
Week 4,Top Esports,Royal Never Give Up,2 - 0,1,14.2,Nautilus,Akali,Karma,Ashe,Lucian,Senna,Kalista,"Neeko, Varus","Renata Glasc, Xin Zhao",Viego,Orianna,Jax,Rumble,Udyr,Maokai,"Azir, Aatrox",Yone,Bot,Support,Jungle,Mid,Top,Mid,Bot,Jungle,Support,Top,SB,
Week 4,Royal Never Give Up,Top Esports,0 - 1,2,14.2,Akali,Nautilus,Senna,Karma,Neeko,Kalista,Ashe,"Varus, Azir","Orianna, Xin Zhao",Rell,Ezreal,Zyra,Draven,Gnar,Maokai,"Sivir, K'Sante",Aatrox,Support,Mid,Jungle,Bot,Top,Bot,Mid,Jungle,Support,Top,SB,
Week 4,Weibo Gaming,Ultra Prime,2 - 0,1,14.2,Senna,Renata Glasc,Ashe,Lucian,Akali,Taliyah,Karma,"Xin Zhao, Varus","K'Sante, Viego",Gnar,Aphelios,Neeko,Kalista,Orianna,Azir,"Xayah, Rakan",Tahm Kench,Mid,Top,Jungle,Bot,Support,Jungle,Bot,Top,Mid,Support,SB,
Week 4,Ultra Prime,Weibo Gaming,0 - 1,2,14.2,Taliyah,Karma,Renata Glasc,Senna,Kalista,Ashe,Azir,"Lucian, K'Sante","Varus, Nautilus",Milio,Udyr,LeBlanc,Lee Sin,Neeko,Xin Zhao,"Jax, Sejuani",Orianna,Mid,Bot,Support,Top,Jungle,Bot,Top,Support,Jungle,Mid,SB,
Week 4,Bilibili Gaming,Invictus Gaming,0 - 2,2,14.2,Azir,Ashe,Tristana,Kalista,Camille,Senna,Karma,"Varus, Neeko","Lucian, Milio",Nautilus,Jarvan IV,Vi,Xin Zhao,Lee Sin,K'Sante,"Kindred, Aatrox",Graves,Mid,Bot,Support,Jungle,Top,Bot,Mid,Support,Top,Jungle,SB,
Week 4,Invictus Gaming,Bilibili Gaming,1 - 0,1,14.2,LeBlanc,Ashe,Udyr,Kalista,Aatrox,Jax,Senna,"Varus, K'Sante","Nautilus, Camille",Renata Glasc,Azir,Xin Zhao,Neeko,Karma,Orianna,"Brand, Tristana",Lee Sin,Bot,Support,Top,Jungle,Mid,Bot,Top,Support,Mid,Jungle,SB,
Week 4,LNG Esports,FunPlus Phoenix,1 - 2,2,14.2,Twisted Fate,Ashe,Renata Glasc,Nautilus,K'Sante,Varus,Karma,"Senna, Azir","Lucian, Milio",Swain,Xin Zhao,Vi,Bel'Veth,Lee Sin,Kindred,"Jax, Viego",Gnar,Mid,Bot,Support,Top,Jungle,Support,Mid,Bot,Jungle,Top,SB,
Week 4,LNG Esports,FunPlus Phoenix,1 - 1,2,14.2,Twisted Fate,Ashe,Renata Glasc,Nautilus,Azir,Karma,Milio,"Senna, K'Sante","Varus, Tristana",Kalista,Maokai,Orianna,Brand,Hwei,Neeko,"Rell, Rumble",Kindred,Support,Bot,Mid,Jungle,Top,Support,Top,Bot,Mid,Jungle,SB,
Week 4,FunPlus Phoenix,LNG Esports,0 - 1,2,14.2,Nautilus,Karma,Varus,Twisted Fate,Draven,Kalista,Ashe,"Azir, Senna","Ezreal, Neeko",Maokai,K'Sante,Poppy,Jax,Bel'Veth,Xin Zhao,"Lee Sin, Aatrox",Yone,Support,Bot,Mid,Jungle,Top,Mid,Bot,Support,Jungle,Top,SB,
Week 4,Team WE,EDward Gaming,2 - 0,1,14.2,Kalista,Azir,Ashe,Rakan,Varus,Senna,K'Sante,"Lucian, Milio","Nautilus, Xayah",Aatrox,Vi,Xin Zhao,Corki,Lee Sin,Hwei,"Rell, Karma",Trundle,Top,Support,Bot,Jungle,Mid,Bot,Support,Top,Mid,Jungle,SB,
Week 4,EDward Gaming,Team WE,0 - 1,2,14.2,Azir,K'Sante,Darius,Kalista,Ezreal,Ashe,Varus,"Rakan, Karma","Udyr, Nautilus",Xayah,Orianna,Vi,Tristana,Xin Zhao,Rell,"Hwei, Lee Sin",Gnar,Bot,Top,Support,Mid,Jungle,Support,Mid,Bot,Jungle,Top,SB,
Week 4,JD Gaming,LGD Gaming,2 - 1,1,14.2,Senna,Lucian,Ashe,Kalista,Karma,Renata Glasc,Varus,"Azir, Ezreal","Lee Sin, Neeko",Xin Zhao,K'Sante,Bard,Nautilus,Udyr,Rakan,"Maokai, Aatrox",Yone,Bot,Jungle,Mid,Support,Top,Mid,Bot,Jungle,Support,Top,SB,
Week 4,LGD Gaming,JD Gaming,1 - 1,2,14.2,Lucian,Karma,Vi,Senna,Renata Glasc,Ashe,Azir,"Kalista, Neeko","Draven, Rell",Xin Zhao,Nautilus,Alistar,Udyr,Orianna,K'Sante,"Aatrox, Maokai",Rakan,Mid,Bot,Jungle,Top,Support,Bot,Mid,Jungle,Top,Support,SB,
Week 4,JD Gaming,LGD Gaming,0 - 1,2,14.2,LeBlanc,Kalista,Karma,Lucian,Ashe,Vi,Varus,"Azir, Nautilus","Renata Glasc, Taliyah",Senna,Lee Sin,Maokai,Xin Zhao,Rell,Udyr,"Aatrox, Sejuani",Graves,Bot,Support,Mid,Top,Jungle,Mid,Support,Bot,Top,Jungle,SB,
Week 4,ThunderTalk Gaming,Rare Atom,1 - 2,2,14.2,Akali,Ashe,Vi,Karma,Kalista,Azir,Senna,"Varus, Rell","Neeko, Nautilus",Orianna,Nocturne,Renata Glasc,Poppy,Jax,Jarvan IV,"K'Sante, Lee Sin",Aatrox,Bot,Mid,Support,Top,Jungle,Bot,Support,Mid,Jungle,Top,SB,
Week 4,Rare Atom,ThunderTalk Gaming,1 - 1,1,14.2,Azir,Ashe,Karma,Jax,Vi,Draven,Kalista,"Orianna, Senna","Renata Glasc, Akali",Nautilus,Sejuani,Poppy,Jarvan IV,Nocturne,Lee Sin,"Xin Zhao, Aatrox",K'Sante,Bot,Support,Mid,Jungle,Top,Mid,Bot,Support,Jungle,Top,SB,
Week 4,ThunderTalk Gaming,Rare Atom,1 - 0,1,14.2,Vi,Ashe,Varus,Karma,Kalista,Azir,Senna,"Lucian, Milio","Nautilus, Orianna",Neeko,Nocturne,Lee Sin,Poppy,Jarvan IV,Jax,"K'Sante, Xin Zhao",Darius,Bot,Support,Mid,Top,Jungle,Bot,Support,Mid,Jungle,Top,SB,
Week 4,Anyone's Legend,Oh My God,2 - 1,1,14.2,Milio,Kalista,Tristana,Senna,Udyr,Azir,Karma,"Twisted Fate, K'Sante","Lucian, Nami",Lee Sin,Xin Zhao,Nautilus,Poppy,Lulu,Maokai,"Rell, Aatrox",Samira,Mid,Bot,Support,Jungle,Top,Mid,Top,Jungle,Support,Bot,SB,
Week 4,Oh My God,Anyone's Legend,1 - 1,2,14.2,Kalista,Milio,Karma,Tristana,Varus,Senna,Neeko,"Lucian, Nami","Aphelios, Lulu",Azir,Viego,Maokai,Udyr,Rell,K'Sante,"Jax, Lee Sin",Poppy,Mid,Bot,Support,Top,Jungle,Bot,Support,Mid,Top,Jungle,SB,
Week 4,Anyone's Legend,Oh My God,0 - 1,2,14.2,Milio,Kalista,Neeko,Karma,Twisted Fate,Azir,Senna,"Tristana, Udyr","K'Sante, Tahm Kench",Rakan,Poppy,LeBlanc,Orianna,Hwei,Taliyah,"Corki, Xin Zhao",Viego,Bot,Top,Support,Mid,Jungle,Bot,Top,Support,Mid,Jungle,SB,
Week 4,Ninjas in Pyjamas.CN,Ultra Prime,2 - 1,1,14.2,Karma,Tahm Kench,Senna,Renata Glasc,Ashe,Azir,Milio,"Lucian, Nami","Udyr, Aphelios",Xin Zhao,Poppy,Jax,Vi,K'Sante,Aatrox,"LeBlanc, Sejuani",Akali,Support,Top,Bot,Mid,Jungle,Bot,Support,Jungle,Top,Mid,SB,
Week 4,Ultra Prime,Ninjas in Pyjamas.CN,1 - 1,1,14.2,Tahm Kench,Karma,Taliyah,Lee Sin,Renata Glasc,Ashe,Azir,"Milio, K'Sante","Nautilus, Senna",Lucian,Jax,Yone,Vi,Maokai,Rell,"Xin Zhao, Gnar",Hwei,Mid,Support,Bot,Jungle,Top,Support,Top,Bot,Jungle,Mid,SB,
Week 4,Ninjas in Pyjamas.CN,Ultra Prime,1 - 0,1,14.2,Karma,K'Sante,Lee Sin,Poppy,Ashe,Tahm Kench,Kalista,"Lucian, Milio","Udyr, Renata Glasc",Maokai,Vi,Tristana,Rell,LeBlanc,Jax,"Azir, Wukong",Taliyah,Bot,Top,Support,Mid,Jungle,Bot,Support,Jungle,Top,Mid,SB,
Week 3,Top Esports,Weibo Gaming,2 - 0,1,14.2,Xin Zhao,Senna,K'Sante,Kalista,Aphelios,Milio,Ashe,"Varus, Maokai","Rumble, Tristana",Neeko,Ezreal,Aatrox,Poppy,Nocturne,Udyr,"Sivir, Rell",Viego,Support,Top,Mid,Bot,Jungle,Bot,Support,Mid,Top,Jungle,SB,
Week 3,Weibo Gaming,Top Esports,0 - 1,2,14.2,Senna,Kalista,Tristana,Xin Zhao,Varus,Lucian,K'Sante,"Ashe, Akali","Draven, Nautilus",Ezreal,Azir,Udyr,Orianna,Vi,Gnar,"LeBlanc, Lee Sin",Poppy,Top,Bot,Support,Mid,Jungle,Support,Mid,Bot,Top,Jungle,SB,
Week 3,Invictus Gaming,Royal Never Give Up,2 - 1,1,14.2,Karma,Rengar,Udyr,Ashe,Nautilus,Lucian,Kalista,"Varus, Neeko","Renata Glasc, K'Sante",Aatrox,Taliyah,LeBlanc,Orianna,Akali,Vi,"Rell, Azir",Blitzcrank,Bot,Support,Top,Jungle,Mid,Bot,Mid,Top,Jungle,Support,SB,
Week 3,Royal Never Give Up,Invictus Gaming,1 - 1,2,14.2,Rengar,Karma,Lucian,Nautilus,Kalista,Varus,Ashe,"Vi, Senna","Ezreal, Udyr",Tahm Kench,Akali,Taliyah,Poppy,Azir,Neeko,"Orianna, Xin Zhao",Jax,Support,Bot,Top,Mid,Jungle,Jungle,Bot,Support,Mid,Top,SB,
Week 3,Invictus Gaming,Royal Never Give Up,0 - 1,2,14.2,Nautilus,Rengar,Karma,Lucian,Vi,Kalista,Ashe,"Varus, Udyr","K'Sante, Azir",Akali,Poppy,Xin Zhao,Ezreal,Blitzcrank,Jarvan IV,"Rell, Kai'Sa",Leona,Support,Top,Mid,Jungle,Bot,Bot,Top,Mid,Jungle,Support,SB,
Week 3,Bilibili Gaming,LNG Esports,2 - 0,1,14.2,Azir,Ashe,Tristana,Renata Glasc,Vi,Lucian,Karma,"Varus, Orianna","Xayah, Rakan",Nautilus,Jarvan IV,Nocturne,Lee Sin,Gnar,Xin Zhao,"Jax, K'Sante",Rumble,Mid,Bot,Support,Jungle,Top,Bot,Mid,Support,Jungle,Top,SB,
Week 3,LNG Esports,Bilibili Gaming,0 - 1,2,14.2,Renata Glasc,Azir,Ashe,Tristana,Vi,Nocturne,Milio,"Karma, Lucian","Maokai, Caitlyn",Nami,Orianna,Xin Zhao,Gnar,Kindred,K'Sante,"Aatrox, Corki",Lee Sin,Support,Jungle,Bot,Top,Mid,Mid,Bot,Support,Top,Jungle,SB,
Week 3,EDward Gaming,FunPlus Phoenix,1 - 2,2,14.2,Ashe,Senna,Lucian,Kalista,Maokai,Varus,Ezreal,"Karma, Azir","K'Sante, Neeko",Caitlyn,Nocturne,Jax,Vi,Gnar,Sejuani,"Rell, Akali",Fiora,Bot,Top,Support,Jungle,Mid,Support,Mid,Bot,Jungle,Top,SB,
Week 3,FunPlus Phoenix,EDward Gaming,1 - 1,2,14.2,Senna,Ashe,Kalista,Maokai,Milio,Rumble,Azir,"Varus, Tristana","Lee Sin, K'Sante",Nautilus,Lucian,Poppy,Karma,Sejuani,Jax,"Kai'Sa, Rell",Brand,Mid,Jungle,Top,Bot,Support,Bot,Mid,Support,Top,Jungle,SB,
Week 3,EDward Gaming,FunPlus Phoenix,0 - 1,2,14.2,Ashe,Kalista,Lucian,Senna,Jax,Ezreal,Azir,"Varus, Maokai","Xayah, Rakan",K'Sante,Poppy,Renata Glasc,Xin Zhao,Corki,Rumble,"Rell, Aatrox",Tristana,Mid,Bot,Support,Jungle,Top,Bot,Jungle,Top,Support,Mid,SB,
Week 3,Ultra Prime,Anyone's Legend,1 - 2,2,14.2,Rell,Lucian,Varus,Renata Glasc,Poppy,Ashe,K'Sante,"Azir, Senna","Xayah, Rakan",Tahm Kench,LeBlanc,Maokai,Akali,Sejuani,Jarvan IV,"Karma, Lee Sin",Gnar,Top,Bot,Support,Mid,Jungle,Mid,Bot,Support,Jungle,Top,SB,
Week 3,Anyone's Legend,Ultra Prime,1 - 1,1,14.2,Renata Glasc,Lucian,Ashe,Azir,Maokai,Rell,K'Sante,"Xayah, Rakan","Poppy, Corki",Gnar,Varus,LeBlanc,Ezreal,Xin Zhao,Hwei,"Senna, Tahm Kench",Sejuani,Top,Jungle,Mid,Bot,Support,Bot,Support,Top,Mid,Jungle,SB,
Week 3,Ultra Prime,Anyone's Legend,1 - 0,1,14.2,Rell,Lucian,Varus,Azir,Ashe,K'Sante,Kalista,"Maokai, Senna","Renata Glasc, Aatrox",Tristana,Xin Zhao,Brand,Vi,Jax,Tahm Kench,"Sejuani, Akali",Udyr,Bot,Support,Top,Jungle,Mid,Jungle,Bot,Mid,Support,Top,SB,
Week 3,Team WE,LGD Gaming,2 - 1,1,14.2,Lucian,Vi,Draven,Ashe,LeBlanc,K'Sante,Azir,"Kalista, Rell","Poppy, Varus",Renata Glasc,Rumble,Tristana,Neeko,Udyr,Akali,"Aatrox, Nautilus",Yone,Mid,Jungle,Bot,Top,Support,Bot,Jungle,Support,Mid,Top,SB,
Week 3,LGD Gaming,Team WE,1 - 1,1,14.2,Vi,Lucian,Darius,Draven,Ashe,K'Sante,Azir,"Varus, Maokai","Kalista, Renata Glasc",Rakan,None,Tristana,Rell,LeBlanc,Corki,"Lillia, Aatrox",Yone,Mid,Bot,Support,Jungle,Top,Bot,Jungle,Support,Mid,Top,SB,
Week 3,Team WE,LGD Gaming,1 - 0,1,14.2,Lucian,Vi,Draven,Darius,LeBlanc,Ashe,K'Sante,"Azir, Rell","Varus, Rakan",Aatrox,Corki,Senna,Maokai,Kalista,Ezreal,"Hwei, Xin Zhao",Bard,Top,Bot,Support,Mid,Jungle,Mid,Jungle,Top,Bot,Support,SB,
Week 2,Weibo Gaming,Royal Never Give Up,2 - 0,1,14.1,Nautilus,Milio,Senna,Renata Glasc,Vi,Ashe,Lucian,"Rakan, Maokai","K'Sante, Nami",Xayah,LeBlanc,Jax,Brand,Neeko,Gnar,"Xin Zhao, Orianna",Azir,Bot,Top,Support,Jungle,Mid,Support,Jungle,Bot,Top,Mid,SB,
Week 2,Royal Never Give Up,Weibo Gaming,0 - 1,2,14.1,Draven,Ashe,Milio,Senna,Rumble,Vi,Renata Glasc,"Kalista, K'Sante","Varus, Jax",Zyra,Poppy,Nocturne,Brand,Jarvan IV,Maokai,"Azir, Sejuani",LeBlanc,Support,Bot,Top,Mid,Jungle,Bot,Top,Support,Jungle,Mid,SB,
Week 2,JD Gaming,LNG Esports,2 - 1,1,14.1,Rumble,Lucian,Senna,Kalista,Rakan,Udyr,Varus,"Azir, K'Sante","Taliyah, Ashe",Rell,Poppy,Nautilus,Maokai,Leona,Draven,"Aatrox, Xin Zhao",Pyke,Bot,Mid,Support,Top,Jungle,Mid,Top,Jungle,Bot,Support,SB,
Week 2,LNG Esports,JD Gaming,1 - 1,2,14.1,Kalista,Rumble,Rakan,Poppy,Ashe,Maokai,Lucian,"Azir, Varus","Vi, Milio",Nautilus,Akali,Rell,Corki,Udyr,Xin Zhao,"K'Sante, Taliyah",Aatrox,Bot,Jungle,Support,Top,Mid,Mid,Bot,Support,Jungle,Top,SB,
Week 2,JD Gaming,LNG Esports,0 - 1,2,14.1,Poppy,Lucian,Varus,Kalista,Brand,Udyr,Rumble,"Xayah, Azir","Senna, Tahm Kench",Rakan,Taliyah,K'Sante,Corki,Aatrox,Ornn,"Tristana, Rell",Xin Zhao,Top,Bot,Support,Mid,Jungle,Bot,Mid,Support,Top,Jungle,SB,
Week 2,Ninjas in Pyjamas.CN,Oh My God,2 - 0,1,14.1,Neeko,Kalista,LeBlanc,Poppy,Milio,K'Sante,Senna,"Rakan, Rumble","Tahm Kench, Udyr",Samira,Vi,Rell,Maokai,Lee Sin,Akali,"Sejuani, Taliyah",Jarvan IV,Bot,Support,Top,Jungle,Mid,Support,Top,Bot,Mid,Jungle,SB,
Week 2,Oh My God,Ninjas in Pyjamas.CN,0 - 1,2,14.1,Kalista,Neeko,K'Sante,Milio,Ashe,LeBlanc,Rumble,"Senna, Tahm Kench","Samira, Rakan",Udyr,Rell,Poppy,Lee Sin,Vi,Maokai,"Akali, Xin Zhao",Taliyah,Top,Bot,Support,Mid,Jungle,Bot,Support,Top,Jungle,Mid,SB,
Week 2,Bilibili Gaming,EDward Gaming,2 - 0,1,14.1,Poppy,Renata Glasc,Vi,Lucian,Varus,Ashe,Senna,"Xayah, Rakan","Jax, Tahm Kench",K'Sante,LeBlanc,Akali,Brand,Azir,Orianna,"Neeko, Kindred",Nocturne,Bot,Top,Support,Mid,Jungle,Bot,Support,Top,Mid,Jungle,SB,
Week 2,Bilibili Gaming,EDward Gaming,1 - 0,1,14.1,Poppy,Renata Glasc,Maokai,Lucian,Varus,Ashe,Senna,"Udyr, Rakan","Nautilus, Azir",Xayah,K'Sante,Akali,Jax,Orianna,Corki,"Darius, Rell",Vi,Bot,Support,Mid,Top,Jungle,Top,Support,Bot,Mid,Jungle,SB,
Week 2,Invictus Gaming,ThunderTalk Gaming,2 - 1,1,14.1,Rumble,Rengar,Vi,Ashe,Neeko,Milio,Nami,"Senna, Tahm Kench","Lucian, Azir",K'Sante,Aatrox,Tristana,Jax,Orianna,Maokai,"Rell, Yone",Corki,Support,Bot,Mid,Jungle,Top,Bot,Support,Top,Jungle,Mid,SB,
Week 2,ThunderTalk Gaming,Invictus Gaming,1 - 1,1,14.1,Rengar,Rumble,Kalista,Neeko,Pyke,Lucian,Ashe,"Varus, Draven","Ezreal, Orianna",Taliyah,Nocturne,Vi,Udyr,K'Sante,Jarvan IV,"Maokai, Aatrox",Yone,Support,Bot,Mid,Jungle,Top,Support,Bot,Mid,Jungle,Top,SB,
Week 2,Invictus Gaming,ThunderTalk Gaming,1 - 0,1,14.1,Rumble,Rengar,Neeko,Ashe,Vi,Jarvan IV,Lucian,"Milio, Aphelios","Nami, Azir",Aatrox,Jax,Tristana,Yone,Orianna,Rell,"K'Sante, Maokai",Taliyah,Bot,Support,Mid,Top,Jungle,Support,Bot,Top,Jungle,Mid,SB,
Week 2,Rare Atom,Top Esports,0 - 2,2,14.1,Ashe,Jax,Akali,K'Sante,Renata Glasc,Milio,Rumble,"Senna, Tahm Kench","Varus, Rell",Tristana,Azir,Maokai,Bard,Brand,Kennen,"LeBlanc, Lee Sin",Poppy,Top,Bot,Support,Mid,Jungle,Bot,Support,Mid,Top,Jungle,SB,
Week 2,Top Esports,Rare Atom,1 - 0,1,14.1,Jax,Ashe,LeBlanc,Renata Glasc,Vi,Akali,Lucian,"Milio, Aphelios","Nami, Rumble",Azir,Jarvan IV,K'Sante,Yone,Udyr,Maokai,"Tristana, Rell",Aatrox,Bot,Support,Top,Mid,Jungle,Support,Bot,Mid,Jungle,Top,SB,
Week 2,Anyone's Legend,LGD Gaming,2 - 1,1,14.1,LeBlanc,Vi,Poppy,Lucian,Ashe,Renata Glasc,Azir,"Tristana, Maokai","Rell, K'Sante",Rumble,Xayah,Milio,Senna,Varus,Kalista,"Ezreal, Tahm Kench",Nautilus,Mid,Jungle,Top,Bot,Support,Mid,Jungle,Top,Bot,Support,SB,
Week 2,LGD Gaming,Anyone's Legend,1 - 1,2,14.1,Vi,Lucian,Nocturne,Kalista,Corki,Poppy,Varus,"Senna, Tahm Kench","Tristana, Milio",Azir,Udyr,Jax,Rumble,Lee Sin,K'Sante,"Maokai, Aatrox",Rell,Bot,Mid,Support,Jungle,Top,Bot,Support,Mid,Top,Jungle,SB,
Week 2,Anyone's Legend,LGD Gaming,0 - 1,2,14.1,LeBlanc,Vi,Ashe,Renata Glasc,Senna,Lucian,Azir,"Tristana, Maokai","Varus, Tahm Kench",K'Sante,Rumble,Ziggs,Rell,Milio,Ezreal,"Udyr, Sejuani",Rakan,Mid,Bot,Support,Top,Jungle,Mid,Jungle,Top,Bot,Support,SB,
Week 2,Ultra Prime,FunPlus Phoenix,2 - 1,1,14.1,Rumble,Ashe,Yone,Azir,Senna,Nocturne,Lucian,"Milio, Aphelios","Nami, Maokai",Sejuani,LeBlanc,Tristana,Orianna,Jax,Akali,"Aatrox, Corki",Fiora,Bot,Support,Jungle,Top,Mid,Support,Bot,Jungle,Mid,Top,SB,
Week 2,FunPlus Phoenix,Ultra Prime,1 - 1,1,14.1,LeBlanc,Rumble,Maokai,Ashe,Brand,Senna,Azir,"Sejuani, K'Sante","Lucian, Milio",Akali,Lee Sin,Nautilus,Poppy,Pyke,Zeri,"Gnar, Xin Zhao",Lulu,Mid,Bot,Support,Top,Jungle,Jungle,Top,Mid,Bot,Support,SB,
Week 2,Ultra Prime,FunPlus Phoenix,1 - 0,1,14.1,Rumble,LeBlanc,Yone,Ashe,Senna,Akali,Azir,"Jax, Maokai","K'Sante, Sejuani",Corki,Kalista,Varus,Nautilus,Lucian,Rakan,"Tristana, Milio",Nilah,Mid,Top,Jungle,Bot,Support,Top,Jungle,Mid,Support,Bot,SB,
Week 2,Ninjas in Pyjamas.CN,Team WE,2 - 1,1,14.1,Darius,Lucian,Varus,Senna,Ashe,Kalista,K'Sante,"Maokai, Miss Fortune","Xayah, Rakan",Gnar,Sylas,Azir,Vi,LeBlanc,Corki,"Sejuani, Taliyah",Dr. Mundo,Top,Bot,Support,Jungle,Mid,Support,Bot,Top,Mid,Jungle,SB,
Week 2,Ninjas in Pyjamas.CN,Team WE,1 - 1,1,14.1,Darius,Lucian,Varus,Senna,Ashe,Kalista,K'Sante,"Maokai, Gnar","Xayah, Rakan",Azir,LeBlanc,Miss Fortune,Vi,Ezreal,Zeri,"Sylas, Sejuani",Milio,Top,Bot,Support,Mid,Jungle,Jungle,Top,Mid,Bot,Support,SB,
Week 2,Ninjas in Pyjamas.CN,Team WE,0 - 1,2,14.1,Maokai,Lucian,Varus,Senna,K'Sante,Kalista,Ashe,"Miss Fortune, Nautilus","Draven, Udyr",Darius,Poppy,Jarvan IV,LeBlanc,Vi,Azir,"Sejuani, Taliyah",Dr. Mundo,Support,Bot,Top,Jungle,Mid,Bot,Support,Top,Mid,Jungle,SB,
Week 2,LNG Esports,Weibo Gaming,2 - 1,1,14.1,Draven,Varus,Kalista,Rakan,Aphelios,Lucian,Senna,"K'Sante, Rell","Tahm Kench, Azir",Brand,Udyr,Tristana,Aatrox,LeBlanc,Corki,"Maokai, Gnar",Kai'Sa,Bot,Support,Mid,Jungle,Top,Top,Support,Jungle,Mid,Bot,SB,
Week 2,Weibo Gaming,LNG Esports,1 - 1,2,14.1,Rakan,Renata Glasc,Rell,Lucian,LeBlanc,Ashe,Senna,"Varus, Tristana","Orianna, Tahm Kench",Milio,Nocturne,Maokai,Vi,Rumble,K'Sante,"Lee Sin, Udyr",Brand,Bot,Mid,Support,Jungle,Top,Bot,Mid,Support,Top,Jungle,SB,
Week 2,LNG Esports,Weibo Gaming,0 - 1,2,14.1,Renata Glasc,Rakan,Aphelios,Lucian,Taliyah,Senna,Varus,"Draven, Rell","Ashe, Poppy",Orianna,Azir,Nocturne,LeBlanc,Nautilus,Rumble,"Akali, Udyr",Blitzcrank,Bot,Support,Jungle,Mid,Top,Bot,Jungle,Mid,Top,Support,SB,
Week 2,Oh My God,ThunderTalk Gaming,2 - 0,1,14.1,Kalista,LeBlanc,Ashe,Ezreal,Rumble,Milio,Neeko,"Rakan, Xayah","Renata Glasc, Tristana",Azir,Nocturne,Maokai,Lee Sin,Rell,Vi,"Poppy, Udyr",K'Sante,Mid,Support,Bot,Jungle,Top,Support,Bot,Mid,Jungle,Top,SB,
Week 2,ThunderTalk Gaming,Oh My God,0 - 1,2,14.1,LeBlanc,Ashe,Ezreal,Kalista,Rakan,Maokai,Lucian,"Neeko, Milio","Nami, Azir",Aphelios,Jarvan IV,Nocturne,Rell,Vi,Udyr,"K'Sante, Poppy",Lee Sin,Bot,Support,Mid,Top,Jungle,Mid,Support,Bot,Top,Jungle,SB,
Week 2,JD Gaming,Ninjas in Pyjamas.CN,2 - 0,1,14.1,Rumble,Brand,Senna,Neeko,Ashe,Kalista,Lucian,"Milio, Caitlyn","Rell, Nami",Poppy,Taliyah,Darius,Azir,LeBlanc,Orianna,"K'Sante, Akali",Aatrox,Bot,Jungle,Support,Top,Mid,Support,Bot,Jungle,Mid,Top,SB,
Week 2,Ninjas in Pyjamas.CN,JD Gaming,0 - 1,2,14.1,Brand,Rumble,Neeko,Senna,Ashe,Kalista,Milio,"Lucian, Rell","Caitlyn, Vi",Nami,Darius,LeBlanc,Akali,K'Sante,Udyr,"Lillia, Azir",Taliyah,Support,Bot,Jungle,Top,Mid,Bot,Jungle,Support,Top,Mid,SB,
Week 2,Invictus Gaming,Rare Atom,2 - 0,1,14.1,Rumble,Rengar,Udyr,Jax,LeBlanc,Ashe,Lucian,"Kalista, Renata Glasc","Milio, K'Sante",Poppy,Taliyah,Vi,Maokai,Xin Zhao,Rell,"Azir, Sejuani",Corki,Bot,Support,Top,Mid,Jungle,Bot,Support,Top,Jungle,Mid,SB,
Week 2,Rare Atom,Invictus Gaming,0 - 1,2,14.1,Rengar,Rumble,Ashe,Lucian,Jax,Renata Glasc,Senna,"Rakan, Azir","Udyr, Tahm Kench",K'Sante,Taliyah,Rell,LeBlanc,Jarvan IV,Tristana,"Vi, Corki",Maokai,Bot,Top,Support,Jungle,Mid,Support,Mid,Top,Bot,Jungle,SB,
Week 2,LGD Gaming,EDward Gaming,2 - 0,1,14.1,Vi,Lucian,Nocturne,Tristana,Ashe,LeBlanc,Azir,"Akali, Kalista","Varus, Renata Glasc",Neeko,Poppy,Lee Sin,Maokai,Xin Zhao,K'Sante,"Aatrox, Rell",Trundle,Mid,Bot,Support,Top,Jungle,Mid,Bot,Support,Top,Jungle,SB,
Week 2,LGD Gaming,EDward Gaming,1 - 0,1,14.1,Vi,Lucian,Nocturne,Tristana,Ashe,Brand,LeBlanc,"Azir, Varus","Kalista, Renata Glasc",Rakan,Trundle,Lee Sin,Poppy,Xin Zhao,Sejuani,"K'Sante, Maokai",Jax,Mid,Bot,Support,Top,Jungle,Mid,Bot,Support,Jungle,Top,SB,
Week 2,Ultra Prime,Royal Never Give Up,0 - 2,2,14.1,Nocturne,Ashe,Vi,Renata Glasc,Poppy,Maokai,Akali,"Jax, Senna","Kalista, Rell",Tahm Kench,Xin Zhao,Taliyah,Jarvan IV,Tristana,Sejuani,"Aatrox, Brand",LeBlanc,Mid,Bot,Support,Top,Jungle,Top,Bot,Support,Jungle,Mid,SB,
Week 2,Royal Never Give Up,Ultra Prime,1 - 0,1,14.1,Akali,Rumble,Milio,Brand,Maokai,Trundle,Ashe,"Jax, Yuumi","Varus, Poppy",Rammus,K'Sante,Orianna,Taliyah,Zeri,Azir,"Corki, Vi",Graves,Support,Bot,Top,Mid,Jungle,Top,Support,Bot,Mid,Jungle,SB,
Week 2,Bilibili Gaming,Anyone's Legend,2 - 0,1,14.1,K'Sante,Kalista,Azir,Ashe,Vi,Jax,Lucian,"Rumble, Zeri","Milio, Udyr",Lulu,Syndra,Tristana,Akali,Nocturne,Orianna,"Neeko, Jarvan IV",Xin Zhao,Bot,Support,Top,Mid,Jungle,Top,Bot,Support,Mid,Jungle,SB,
Week 2,Bilibili Gaming,Anyone's Legend,1 - 0,1,14.1,Maokai,Kalista,K'Sante,Ashe,Azir,Jax,Lucian,"Zeri, Vi","Milio, Udyr",Lulu,Akali,Gnar,Neeko,Orianna,Tristana,"Syndra, Lee Sin",Rumble,Bot,Support,Top,Mid,Jungle,Bot,Jungle,Support,Mid,Top,SB,
Week 2,Team WE,FunPlus Phoenix,2 - 1,1,14.1,Kalista,LeBlanc,Lucian,Maokai,Ashe,Corki,Azir,"K'Sante, Diana","Darius, Varus",Yone,Poppy,Aphelios,Xin Zhao,Rakan,Ezreal,"Nautilus, Vi",Bard,Mid,Top,Bot,Support,Jungle,Top,Jungle,Mid,Bot,Support,SB,
Week 2,Team WE,FunPlus Phoenix,1 - 1,2,14.1,Kalista,LeBlanc,Lucian,Maokai,Nocturne,Corki,Ashe,"Azir, Varus","Jhin, Rumble",Pyke,Tristana,Vi,Akali,Jax,K'Sante,"Rell, Jayce",Lee Sin,Support,Bot,Top,Jungle,Mid,Mid,Bot,Support,Top,Jungle,SB,
Week 2,FunPlus Phoenix,Team WE,0 - 1,2,14.1,LeBlanc,Ashe,Tristana,Lucian,Miss Fortune,Kalista,Azir,"Varus, Maokai","Sejuani, K'Sante",Corki,Aphelios,Gnar,Senna,Jax,Darius,"Xayah, Rakan",Nautilus,Mid,Jungle,Top,Bot,Support,Bot,Jungle,Mid,Top,Support,SB,
Week 1,LNG Esports,Oh My God,2 - 0,1,14.1,LeBlanc,Ashe,Aphelios,Kalista,Vi,Lucian,Rumble,"Nocturne, K'Sante","Xayah, Rakan",Ezreal,Tristana,Orianna,Lee Sin,Bard,Akali,"Azir, Poppy",Karma,Top,Bot,Support,Mid,Jungle,Jungle,Top,Bot,Mid,Support,SB,
Week 1,Oh My God,LNG Esports,0 - 1,2,14.1,Neeko,Renata Glasc,Nocturne,Ashe,Lucian,Brand,Azir,"Rakan, Xayah","Maokai, K'Sante",Vi,Senna,LeBlanc,Varus,Akali,Corki,"Kalista, Nautilus",Aatrox,Mid,Jungle,Top,Bot,Support,Support,Bot,Jungle,Mid,Top,SB,
Week 1,JD Gaming,Rare Atom,2 - 0,1,14.1,Rumble,Ashe,Kalista,Brand,Jax,Neeko,Lucian,"Milio, Aphelios","Udyr, Nami",Maokai,Vi,Tristana,Rell,LeBlanc,K'Sante,"Azir, Jarvan IV",Akali,Bot,Top,Support,Mid,Jungle,Support,Bot,Jungle,Top,Mid,SB,
Week 1,Rare Atom,JD Gaming,0 - 1,2,14.1,Brand,Rumble,Ashe,Kalista,Neeko,Jax,Milio,"Lucian, Rell","Aphelios, Udyr",Nami,LeBlanc,Orianna,Tristana,K'Sante,Aatrox,"Xin Zhao, Taliyah",Azir,Support,Bot,Top,Jungle,Mid,Bot,Jungle,Support,Top,Mid,SB,
Week 1,Weibo Gaming,ThunderTalk Gaming,2 - 0,1,14.1,Senna,Kalista,Vi,K'Sante,Ashe,Udyr,Lucian,"Rumble, Milio","Nami, Azir",Aphelios,Ornn,Maokai,Rell,Poppy,Nocturne,"Jarvan IV, Aatrox",Orianna,Bot,Support,Mid,Jungle,Top,Top,Support,Bot,Jungle,Mid,SB,
Week 1,ThunderTalk Gaming,Weibo Gaming,0 - 1,2,14.1,Kalista,Senna,Maokai,Tristana,Vi,Rell,Lucian,"K'Sante, Milio","Nami, Orianna",Aphelios,Jarvan IV,Azir,Poppy,LeBlanc,Nocturne,"Udyr, Wukong",Neeko,Bot,Support,Mid,Top,Jungle,Top,Support,Bot,Jungle,Mid,SB,
Week 1,EDward Gaming,Top Esports,0 - 2,2,14.1,Renata Glasc,Jax,Akali,Azir,Ashe,Vi,Milio,"Lucian, Nami","Aphelios, Orianna",Rumble,Nocturne,Jarvan IV,K'Sante,Yone,Maokai,"Udyr, Xin Zhao",Tristana,Support,Bot,Mid,Top,Jungle,Bot,Support,Top,Jungle,Mid,SB,
Week 1,Top Esports,EDward Gaming,1 - 0,1,14.1,Jax,Lucian,Azir,Ashe,Varus,Renata Glasc,Senna,"Aphelios, Rell","Tahm Kench, Akali",Corki,Vi,Gnar,Aatrox,Milio,K'Sante,"Xin Zhao, Udyr",Lee Sin,Bot,Support,Mid,Jungle,Top,Bot,Support,Mid,Top,Jungle,SB,
Week 1,LGD Gaming,Ultra Prime,2 - 1,1,14.1,Nocturne,Tristana,Ashe,Brand,LeBlanc,Azir,Lucian,"Milio, Maokai","Nami, Neeko",Aphelios,Kindred,Jax,Vi,Akali,K'Sante,"Rell, Aatrox",Corki,Bot,Support,Mid,Jungle,Top,Support,Jungle,Bot,Top,Mid,SB,
Week 1,Ultra Prime,LGD Gaming,1 - 1,2,14.1,Tristana,LeBlanc,Yone,Nocturne,Azir,Ashe,Lucian,"Milio, Maokai","Nami, Corki",Aphelios,Jax,Jayce,Vi,Poppy,K'Sante,"Aatrox, Trundle",Akali,Bot,Support,Mid,Top,Jungle,Support,Jungle,Bot,Top,Mid,SB,
Week 1,Ultra Prime,LGD Gaming,1 - 0,1,14.1,Tristana,Nocturne,Yone,LeBlanc,Azir,Ashe,Lucian,"Senna, Brand","Milio, Maokai",Tahm Kench,Jax,Jayce,Orianna,Gnar,Corki,"K'Sante, Akali",Poppy,Bot,Support,Jungle,Top,Mid,Bot,Jungle,Support,Mid,Top,SB,
Week 1,Ninjas in Pyjamas.CN,Invictus Gaming,2 - 0,1,14.1,Rengar,Rumble,Kalista,Lucian,Ashe,Senna,K'Sante,"Jax, Varus","Xayah, Rakan",Lissandra,Akali,Maokai,LeBlanc,Nocturne,Orianna,"Azir, Vi",Rell,Top,Bot,Support,Mid,Jungle,Top,Bot,Support,Mid,Jungle,SB,
Week 1,Invictus Gaming,Ninjas in Pyjamas.CN,0 - 1,2,14.1,Rumble,Rengar,LeBlanc,Kalista,Lucian,Ashe,Jax,"Tahm Kench, Senna","Varus, Neeko",K'Sante,Orianna,Azir,Rell,Akali,Maokai,"Nocturne, Renata Glasc",Corki,Top,Bot,Mid,Jungle,Support,Support,Bot,Top,Jungle,Mid,SB,
Week 1,Royal Never Give Up,Bilibili Gaming,0 - 2,2,14.1,Renata Glasc,Nautilus,Lucian,Jax,Ashe,Nocturne,Rumble,"Senna, K'Sante","Brand, Tristana",Tahm Kench,Rell,Kindred,Rakan,Azir,Akali,"Aphelios, Milio",Lee Sin,Top,Jungle,Mid,Bot,Support,Bot,Top,Support,Mid,Jungle,SB,
Week 1,Bilibili Gaming,Royal Never Give Up,1 - 0,1,14.1,Nautilus,Ashe,Nocturne,Renata Glasc,K'Sante,Jax,Udyr,"Azir, Varus","Lucian, Milio",Vi,Brand,Gnar,Maokai,Blitzcrank,Rell,"Neeko, Kindred",Rumble,Top,Bot,Support,Mid,Jungle,Mid,Bot,Jungle,Support,Top,SB,
Week 1,FunPlus Phoenix,Oh My God,2 - 0,1,14.1,Varus,Ashe,Kalista,Nocturne,LeBlanc,Lucian,Azir,"Xayah, Rakan","K'Sante, Maokai",Gwen,Caitlyn,Tristana,Draven,Taliyah,Orianna,"Zeri, Lulu",Xin Zhao,Mid,Top,Jungle,Bot,Support,Bot,Support,Top,Mid,Jungle,SB,
Week 1,Oh My God,FunPlus Phoenix,0 - 1,2,14.1,Nocturne,Varus,Tristana,Kalista,Ashe,Udyr,Lucian,"Milio, Azir","Nami, K'Sante",Aphelios,LeBlanc,Jax,Taliyah,Gwen,Gnar,"Xin Zhao, Corki",Maokai,Bot,Support,Top,Jungle,Mid,Support,Mid,Bot,Top,Jungle,SB,
Week 1,Team WE,Anyone's Legend,2 - 0,1,14.1,Kalista,Rumble,Lucian,Gnar,Ashe,Udyr,K'Sante,"Tristana, Maokai","Varus, Azir",Jax,Poppy,Senna,Vi,Ziggs,Rakan,"Dr. Mundo, Nautilus",Xayah,Top,Bot,Mid,Jungle,Support,Mid,Jungle,Top,Support,Bot,SB,
Week 1,Anyone's Legend,Team WE,0 - 1,2,14.1,Maokai,Kalista,Azir,Lucian,Jax,Ashe,Varus,"Tristana, K'Sante","Orianna, Renata Glasc",Rell,Nocturne,Aphelios,Poppy,Rakan,Miss Fortune,"Udyr, Trundle",Bard,Bot,Mid,Support,Top,Jungle,Mid,Top,Jungle,Bot,Support,SB,
Week 1,LNG Esports,ThunderTalk Gaming,1 - 2,2,14.1,Nocturne,Ashe,Kalista,Orianna,Vi,Milio,Varus,"Tristana, Brand","Neeko, Renata Glasc",Udyr,Rumble,Senna,Xin Zhao,Rakan,Lucian,"Lee Sin, Jax",Nami,Bot,Mid,Support,Jungle,Top,Mid,Jungle,Top,Bot,Support,SB,
Week 1,ThunderTalk Gaming,LNG Esports,1 - 1,2,14.1,Vi,Nocturne,Kalista,Poppy,Orianna,Ashe,Milio,"Lucian, Rell","Aphelios, Maokai",Nami,Tristana,Jax,Yone,LeBlanc,Azir,"K'Sante, Corki",Gnar,Support,Bot,Jungle,Top,Mid,Bot,Jungle,Support,Mid,Top,SB,
Week 1,LNG Esports,ThunderTalk Gaming,0 - 1,2,14.1,Nocturne,Ashe,Kalista,Rumble,Vi,Rell,Milio,"Lucian, Nami","Orianna, Aphelios",Azir,Xin Zhao,Poppy,Wukong,Kennen,Maokai,"Jax, Sejuani",K'Sante,Support,Mid,Bot,Top,Jungle,Bot,Support,Mid,Jungle,Top,SB,
Week 1,Rare Atom,Weibo Gaming,0 - 2,2,14.1,Ashe,Senna,Brand,Maokai,LeBlanc,Milio,Rell,"Kalista, Renata Glasc","Lucian, Nami",K'Sante,Udyr,Vi,Jax,Neeko,Xin Zhao,"Poppy, Azir",Taliyah,Jungle,Bot,Support,Top,Mid,Bot,Support,Top,Jungle,Mid,SB,
Week 1,Weibo Gaming,Rare Atom,1 - 0,1,14.1,Senna,Ashe,Vi,Maokai,Neeko,Brand,Milio,"Lucian, Nami","Aphelios, Udyr",Azir,LeBlanc,Rell,Corki,Jarvan IV,Poppy,"Taliyah, Xin Zhao",K'Sante,Support,Bot,Top,Mid,Jungle,Bot,Support,Mid,Jungle,Top,SB,
Week 1,Invictus Gaming,Ultra Prime,2 - 0,1,14.1,Akali,Rengar,Neeko,Ashe,Nocturne,Jax,Kalista,"Maokai, Lucian","Azir, Nautilus",Milio,Vi,Corki,Rell,Tristana,LeBlanc,"Lee Sin, K'Sante",Gnar,Bot,Mid,Support,Jungle,Top,Jungle,Bot,Support,Mid,Top,SB,
Week 1,Ultra Prime,Invictus Gaming,0 - 1,2,14.1,Rengar,Akali,Varus,Neeko,Nocturne,Ashe,Kalista,"Jax, Renata Glasc","Azir, Nautilus",Draven,Maokai,Orianna,Udyr,Corki,Rell,"K'Sante, Xin Zhao",Taliyah,Bot,Mid,Support,Top,Jungle,Top,Support,Bot,Jungle,Mid,SB,
Week 1,LGD Gaming,Ninjas in Pyjamas.CN,0 - 2,2,14.1,Nocturne,Tristana,Ashe,Renata Glasc,Vi,LeBlanc,Azir,"Maokai, K'Sante","Kindred, Udyr",Yone,Varus,Caitlyn,Kalista,Rakan,Milio,"Senna, Tahm Kench",Lucian,Mid,Jungle,Top,Bot,Support,Jungle,Top,Mid,Support,Bot,SB,
Week 1,Ninjas in Pyjamas.CN,LGD Gaming,1 - 0,1,14.1,Tristana,Kalista,Renata Glasc,LeBlanc,Ashe,Nocturne,Azir,"Senna, Yone","Xayah, Rakan",Tahm Kench,Udyr,Maokai,Rumble,Brand,K'Sante,"Rell, Aatrox",Sejuani,Mid,Bot,Support,Jungle,Top,Bot,Mid,Support,Top,Jungle,SB,
Week 1,FunPlus Phoenix,Anyone's Legend,0 - 2,2,14.1,Lucian,Ashe,Tristana,Senna,Kalista,Xin Zhao,Nocturne,"Azir, Varus","Orianna, Jax",Renata Glasc,Rakan,Maokai,Aphelios,Poppy,K'Sante,"Kai'Sa, Rell",Sejuani,Jungle,Mid,Top,Bot,Support,Mid,Bot,Support,Top,Jungle,SB,
Week 1,Anyone's Legend,FunPlus Phoenix,1 - 0,1,14.1,Nocturne,Ashe,Vi,Tristana,Renata Glasc,Kalista,Azir,"Corki, Jax","Lucian, Milio",Xin Zhao,Poppy,Senna,Trundle,Zeri,Swain,"K'Sante, Maokai",Pyke,Mid,Bot,Support,Top,Jungle,Mid,Top,Jungle,Bot,Support,SB,
Week 1,Oh My God,Team WE,2 - 0,1,14.1,Corki,Ashe,Tristana,Lucian,Nocturne,Kalista,LeBlanc,"Varus, Renata Glasc","Ziggs, Rakan",Azir,Xin Zhao,Poppy,K'Sante,Rumble,Vi,"Jax, Maokai",Udyr,Mid,Bot,Support,Top,Jungle,Bot,Support,Mid,Jungle,Top,SB,
Week 1,Oh My God,Team WE,1 - 0,1,14.1,Corki,Ashe,Tristana,Lucian,Nocturne,Kalista,LeBlanc,"Renata Glasc, Azir","Varus, Rumble",Aphelios,Bard,Poppy,Vi,Maokai,Xin Zhao,"Jax, Rakan",Udyr,Mid,Bot,Top,Jungle,Support,Support,Mid,Bot,Jungle,Top,SB,
Week 1,Royal Never Give Up,EDward Gaming,2 - 1,1,14.1,Milio,Rumble,Jax,K'Sante,Ashe,Nocturne,Kalista,"Azir, Varus","Vi, Taliyah",Poppy,Renata Glasc,Bard,Alistar,Jayce,Nautilus,"Kennen, Sett",Aatrox,Bot,Jungle,Mid,Top,Support,Mid,Bot,Jungle,Support,Top,SB,https://www.youtube.com/live/DaHoLP5pXrs?si=Cc34JJ_lHKFNstq3&t=21536
Week 1,EDward Gaming,Royal Never Give Up,1 - 1,2,14.1,Rumble,Ashe,Senna,Nocturne,Rakan,Kalista,Azir,"Varus, Vi","Maokai, Jax",K'Sante,Bard,Orianna,Milio,Taliyah,Akali,"Jhin, Neeko",Nautilus,Mid,Jungle,Top,Bot,Support,Bot,Jungle,Top,Mid,Support,SB,https://www.youtube.com/live/DaHoLP5pXrs?si=HUfjUk4RPwuUVZps&t=18504
Week 1,Royal Never Give Up,EDward Gaming,0 - 1,2,14.1,Milio,Rumble,Vi,Senna,Ashe,Rakan,Nocturne,"Azir, Varus","Kalista, Orianna",Maokai,Renata Glasc,Tahm Kench,Nautilus,Neeko,Bard,"Udyr, Rell",Jax,Jungle,Bot,Mid,Top,Support,Mid,Bot,Jungle,Support,Top,SB,https://www.youtube.com/live/DaHoLP5pXrs?si=wCj7AhA2eG66Pvgv&t=14961
Week 1,Bilibili Gaming,Top Esports,2 - 1,1,14.1,Akali,Neeko,Senna,Ashe,Milio,Rumble,Renata Glasc,"Kalista, Azir","LeBlanc, Varus",Soraka,Jax,Udyr,Xin Zhao,Vi,Lee Sin,"Wukong, Kennen",Sion,Support,Mid,Bot,Jungle,Top,Bot,Mid,Support,Jungle,Top,SB,https://www.youtube.com/live/DaHoLP5pXrs?si=XJk6bGCOW1xPdH_7&t=10578
Week 1,Top Esports,Bilibili Gaming,1 - 1,1,14.1,LeBlanc,Akali,Neeko,Ashe,Rumble,Milio,Kalista,"Orianna, Rakan","Azir, Renata Glasc",Xayah,Poppy,Nocturne,K'Sante,Jax,Vi,"Jarvan IV, Udyr",Aatrox,Bot,Mid,Support,Jungle,Top,Mid,Support,Bot,Jungle,Top,SB,https://www.youtube.com/live/DaHoLP5pXrs?si=iv0wPKEAXma5Cmvj&t=7425
Week 1,Bilibili Gaming,Top Esports,1 - 0,1,14.1,Akali,Rumble,Senna,Neeko,Milio,Orianna,Ashe,"Azir, Kalista","Varus, LeBlanc",Nautilus,Jax,Ornn,Lee Sin,Vi,Xin Zhao,"K'Sante, Brand",Udyr,Support,Bot,Mid,Top,Jungle,Mid,Bot,Support,Jungle,Top,SB,https://www.youtube.com/live/DaHoLP5pXrs?si=p_tUlk0bX8Tfo7rs&t=4273
